Time(s),Ego_Speed(km/h),Target_Speed(km/h),Actual_Distance(m),Desired_Distance(m),Lane_Offset
0.015107393264770508,1.9130192756652833,0.015054996247234694,20.001837790105483,15,0.08480911701917648
0.1382617950439453,4.9137937567610175,0.00105030725044589,20.00711971523705,15,0.08479385823011398
0.21297478675842285,3.638025776015681,0.0024522427943736804,20.01517319763016,15,0.08461074531078339
0.2962148189544678,1.9463149656982783,0.0004121494812742371,20.01978695506583,15,0.08461074531078339
0.35614919662475586,0.8650716624199012,0.0012493991262077962,20.020853997416538,15,0.08461075276136398
0.41831040382385254,0.029070290552115827,0.0023050041854819556,20.020654083280974,15,0.08462599664926529
0.48291492462158203,0.5369930585285069,2.341959234297474,20.033032239465516,15,0.08462600409984589
0.5511748790740967,1.02216792554732,5.910132590612501,20.111575426344043,15,0.08459548652172089
0.6196141242980957,2.8340949393595576,8.39063823427258,20.213389936708857,15,0.08441238105297089
0.7009613513946533,4.861586898710048,10.498219895655337,20.33801980257529,15,0.08378676325082779
0.7761423587799072,6.456082362786509,12.15160679131783,20.45701229814441,15,0.08281020075082779
0.8599941730499268,8.17743132613216,13.798896200168716,20.587027431764874,15,0.0811469703912735
0.9460446834564209,9.962619608284736,15.42776702064179,20.720558576081526,15,0.07875131815671921
1.0280556678771973,11.63967573185871,16.936197888217652,20.844320965875273,15,0.07571478933095932
1.105431318283081,13.166520052249322,18.32188159264199,20.956275511472118,15,0.07218997925519943
1.1751580238342285,14.554368342350406,19.577227001140628,21.055386707643308,15,0.06834472715854645
1.24385404586792,15.932290637119292,20.232810680867807,21.14493819325506,15,0.06393489986658096
1.312622308731079,17.317359491784106,21.185344056730266,21.222233749919102,15,0.05894523113965988
1.3769617080688477,18.59476677487069,22.09093113407314,21.285512108106207,15.330425986039272,0.0538334921002388
1.4461798667907715,19.996606917670853,23.185782330654003,21.34924052672081,16.109226065372695,0.04771466180682182
1.5118427276611328,20.956624458466493,24.273907884326423,21.40658103654095,16.642569143592496,0.041641611605882645
1.5812106132507324,21.958740729748246,25.613773097431555,21.47685776496367,17.19930040541569,0.03457672521471977
1.6433045864105225,23.089139033015794,26.869650898037527,21.5423076248632,17.827299462786552,0.028152722865343094
1.711033582687378,24.592803868291142,28.13269235196322,21.610681389513246,18.6626688157173,0.02117938920855522
1.773085355758667,26.120648448882456,29.31381166834263,21.668713375642,19.511471360490255,0.014511240646243095
1.8362841606140137,27.576939105439838,30.436015302262785,21.720847719319238,20.320521725244355,0.007675239350646734
1.895218849182129,28.873952478127443,31.450818607406987,21.764176489333305,21.041084710070802,0.0013122683158144355
1.9530272483825684,30.115594177259144,32.412373204137474,21.802515825603468,21.730885654032857,-0.0047760470770299435
2.0097577571868896,31.297785059224434,33.323513753282064,21.836408715645245,22.387658366235797,-0.010330293327569962
2.0738630294799805,32.508066494336106,34.172736124008175,21.868256584534763,23.060036941297835,-0.01585402525961399
2.2256250381469727,34.5201669926653,34.337012064477165,21.90008385125671,24.177870551480723,-0.025482408702373505
2.2890822887420654,34.96138903719235,33.83403045991091,21.887042357323246,24.422993909551305,-0.027786502614617348
2.350058078765869,35.14139341465828,33.36909043755907,21.86025073026048,24.522996341476823,-0.028991959989070892
2.4101147651672363,35.01185795560753,33.09264780156899,21.828387060160566,24.45103219755974,-0.02925136499106884
2.472158908843994,34.57861885646433,33.015781042437176,21.79783965065262,24.21034380914685,-0.028793593868613243
2.53549861907959,33.9303046854083,33.16518205841942,21.777400128951868,23.85016926967128,-0.027664437890052795
2.59656023979187,33.176718567923494,33.474566975048184,21.77244883070704,23.43151031551305,-0.026001209393143654
2.6572937965393066,32.35106718283888,33.777581099776164,21.785545315492637,22.972815101577158,-0.023773405700922012
2.71185564994812,31.615080363867587,33.938261384697114,21.812728859659302,22.563933535481993,-0.02111835964024067
2.7675366401672363,30.825395203288686,33.90254757050288,21.851947856400443,22.125219557382604,-0.017959732562303543
2.818966865539551,30.151218244024125,33.82776199437392,21.898415616211473,21.750676802235624,-0.014709586277604103
2.8722498416900635,29.44157352924793,33.6586662764363,21.95330375642343,21.35642973847107,-0.011764617636799812
2.925161838531494,28.85615566045001,33.49472349893128,22.015655243200644,21.031197589138895,-0.00930793210864067
2.9894192218780518,28.25609940628461,33.28198737767489,22.09748042112263,20.697833003491446,-0.00727849779650569
3.0522549152374268,27.869865705424292,33.15269489706508,22.183811685736167,20.483258725235718,-0.006225632969290018
3.119438648223877,27.745733031719364,33.145476077133885,22.278253831727532,20.41429612873298,-0.006210374180227518
3.1880075931549072,27.91225551719702,33.190541451815776,22.375926067728,20.506808620665012,-0.0073547931388020515
3.2562966346740723,28.256141123272908,33.176305954401606,22.467066770474304,20.69785617959606,-0.009521554224193096
3.3164031505584717,28.656982949828006,33.15166166687368,22.54006099802158,20.92054608323778,-0.01191720087081194
3.37864351272583,29.045298043980566,33.059916948987684,22.607675314078318,21.136276691100313,-0.014633295126259327
3.440291166305542,29.408129599651797,32.92685025198486,22.666717529625576,21.33784977758433,-0.017349375411868095
3.493839979171753,29.679281727876113,32.82826232880889,22.71074164118767,21.488489848820063,-0.019683988764882088
3.553631067276001,29.918314935916147,32.68676800302947,22.754639336985786,21.62128607550897,-0.02223537117242813
3.616320848464966,30.148503560143304,32.517909002655124,22.79357964535086,21.749168644524058,-0.02444850094616413
3.6830263137817383,30.52868149845054,32.34978138109687,22.827081878288688,21.9603786102503,-0.026085535064339638
3.7511703968048096,31.130724279282873,32.27034819706224,22.848675942682664,22.294846821823818,-0.027055013924837112
3.8215396404266357,31.870574568912,32.19013930983897,22.856063514872705,22.705874760506667,-0.027461927384138107
3.890308380126953,32.747591316176155,32.1234201583141,22.846528473719932,23.19310628676453,-0.027449212968349457
3.9548683166503906,33.57473532092615,31.926427623302704,22.819839648383063,23.65263073384786,-0.027540765702724457
4.023240566253662,34.37511777896594,31.65521860865521,22.770897509705375,24.097287654981077,-0.027998529374599457
4.090048313140869,34.959149301431374,31.484329752670913,22.707324083466325,24.421749611906318,-0.028746210038661957
4.154223918914795,35.25517985051974,31.342408708967994,22.636233338418123,24.586211028066522,-0.029570184648036957
4.222975254058838,35.18708911981116,31.198336392566024,22.555850510788773,24.548382844339535,-0.030500972643494606
4.290896892547607,34.75527121061556,31.000251795223754,22.478862334342093,24.308484005897533,-0.03146227449178696
4.357931137084961,34.069538040408624,30.86747295488549,22.41079152189523,23.927521133560347,-0.03228624910116196
4.433886289596558,33.095115144186906,30.676935802665643,22.348984952434964,23.386175080103836,-0.03300341218709946
4.5024354457855225,32.06166391766426,30.42988706530179,22.307195010376926,22.81203550981348,-0.03338488191366196
4.5697572231292725,31.074062837148713,30.2806652543702,22.282165872423114,22.263368242860395,-0.033629026263952255
4.636380672454834,30.063727677363254,30.081305661390424,22.27249089381599,21.702070931868473,-0.03384402394294739
4.70513916015625,29.157107542829255,29.88815102333654,22.27679390438961,21.198393079349586,-0.03401187062263489
4.771906852722168,28.313097851419066,29.622939035567192,22.29285763074037,20.729498806343926,-0.03424075245857239
5.1791911125183105,27.32928512789454,29.552334136527826,22.494955602787,20.182936182163633,-0.034896884113550186
5.250232934951782,27.43946447340813,29.448087292697238,22.53450351873437,20.24414692967118,-0.03492739796638489
5.315598726272583,27.6462808153876,28.94073058197207,22.5614486092223,20.359044897437556,-0.03482058271765709
5.3821861743927,27.948795000172435,28.15857463304942,22.571863629380054,20.52710833342913,-0.03456118702888489
5.458104848861694,28.546008629633707,27.31477173278399,22.55716648700821,20.858893683129835,-0.03421023488044739
5.53215765953064,29.37757771944238,26.760754474623816,22.51384767167097,21.320876510801323,-0.03384402394294739
5.598490953445435,30.315213041464116,26.655184126641284,22.451708146143343,21.84178502303562,-0.03367617726325989
5.664738416671753,31.24088153406826,26.76712301518848,22.37398561054221,22.35604529670459,-0.03364565968513489
5.727345943450928,32.087387786942905,26.904094529869656,22.287857416951883,22.826326548301612,-0.03375247120857239
5.78761625289917,32.78148921470842,26.98392055103807,22.19416089649303,23.21193845261579,-0.03399661183357239
5.839841365814209,33.19180882016259,26.97065778580735,22.105598955801103,23.439893788979216,-0.03424075245857239
5.89999794960022,33.346702409855325,26.747783916848014,21.99651396775682,23.525945783252958,-0.03446963429450989
5.9542951583862305,33.16948404436986,26.410044196081028,21.897032457848116,23.427491135761034,-0.034591708332300186
6.019566535949707,32.59737696320162,26.072347317464047,21.77553053519916,23.109653868445342,-0.03437808156013489
6.07440972328186,31.915639995306528,25.744611987090384,21.681484817813157,22.730911108503626,-0.03392031788825989
6.1265904903411865,31.184867417571578,25.624146740826156,21.59902235867617,22.32492634309532,-0.033187899738550186
6.181649923324585,30.28781136650778,25.43804020928463,21.52187761085823,21.8265618702821,-0.032394442707300186
6.234188079833984,29.455042524769866,25.453549266564202,21.45899796114815,21.363912513761036,-0.031768832355737686
6.286210775375366,28.596852083001448,25.442681506941113,21.409601395640824,20.887140046111917,-0.03137210011482239
6.345222473144531,27.687552376894075,25.44799266935868,21.36737079193598,20.38197354271893,-0.03126528859138489
6.407277345657349,26.791968090967444,25.355622036868866,21.337385409140232,19.884426717204136,-0.031478915363550186
6.474029779434204,25.976928622072396,25.2668807445023,21.318523724148772,19.431627012262442,-0.032058749347925186
6.5392396450042725,25.32045042893387,25.098227012738604,21.310629369618322,19.06691690496326,-0.032913241535425186
6.608235597610474,24.864712644713187,24.90388792062461,21.30894926072222,18.81372924706288,-0.034027133136987686
6.676175117492676,24.632127545482476,24.668999543983496,21.30931582425301,18.68451530304582,-0.035232577472925186
6.728166818618774,24.674940398855302,24.598395348503303,21.308427357969144,18.708300221586278,-0.036209143698215485
6.78132176399231,24.847173220854135,24.502320820503535,21.30464158541709,18.80398512269674,-0.037094153463840485
6.8340864181518555,25.235961451268363,24.516930704458417,21.295887187406723,19.01997858403798,-0.037887610495090485
6.887960433959961,25.68785898478897,24.429987607476324,21.28011753953571,19.271032769327206,-0.038589514791965485
6.941059112548828,26.37563987991304,24.475018398810576,21.255865927298554,19.653133266618354,-0.039184607565402985
6.992275953292847,27.16004593381704,24.436247475131694,21.221007457748676,20.088914407676135,-0.03959659859538078
7.045051574707031,28.06925535971802,24.44485561680812,21.173804490098824,20.5940307553989,-0.03964237496256828
7.099362373352051,28.96666061189112,24.303422781205846,21.110264815742404,21.0925892288284,-0.039215125143527985
7.16117000579834,29.921852372995474,24.191977153077016,21.019081584552357,21.62325131833082,-0.038085971027612686
7.222292184829712,30.689956117928343,24.114616177791024,20.915492849618982,22.0499756210713,-0.036529578268527985
7.288919925689697,31.269020062747995,24.14107096494601,20.78796482239623,22.371677812637774,-0.03408816456794739
7.358196973800659,31.442954224408908,24.059293664660974,20.64908048216173,22.468307902449393,-0.030517607927322388
7.4181809425354,31.226348952650376,24.108526814314363,20.531242388387074,22.34797164036132,-0.02659609541296959
7.476572275161743,30.719265132567873,24.14262735468494,20.422489836900148,22.06625840698215,-0.02201845496892929
7.5309014320373535,30.041741273970352,24.164893605983092,20.331243960342846,21.689856263316862,-0.017349258065223694
7.5848143100738525,29.23812028140976,24.071557473221482,20.251107668431917,21.243400156338755,-0.01243592333048582
7.638308525085449,28.35844725783983,24.09383989317879,20.182878319462645,20.754692921022126,-0.007492074742913246
7.696526765823364,27.358892787745,24.1128224982371,20.123176144391223,20.199384882080555,-0.002426155610010028
7.7510902881622314,26.45284022666826,24.096954284159555,20.083386491114005,19.696022348149036,0.001663206610828638
7.805355072021484,25.55938176560075,24.166002458243536,20.05625059153408,19.199656536444863,0.005401616916060448
7.858806610107422,24.74276790508698,24.18804579486996,20.042633479560724,18.745982169492766,0.008453366346657276
7.911471843719482,23.985350539136572,24.293039270685284,20.041596708566516,18.32519474396476,0.011001592501997948
7.964138746261597,23.261909183744546,24.31480017838333,20.05229321083179,17.92328287985808,0.01309205498546362
8.019516468048096,22.558843942895706,24.365097323730488,20.07436471481628,17.532691079386503,0.014846810139715672
8.073165893554688,21.955907601948553,24.358308647527522,20.106113148808397,17.197726445526975,0.016067521646618843
8.125150918960571,21.47393971504837,24.466594783107375,20.144982678722105,16.929966508360206,0.016784679144620895
8.178029298782349,21.08224476679093,24.499365728896297,20.19146899926596,16.712358203772737,0.016906749457120895
8.231095314025879,20.732400257413612,24.565491948799828,20.246152226824822,16.518000143007562,0.016647355630993843
8.287116289138794,20.515911867684625,24.564429789822277,20.305747285711025,16.397728815380347,0.015716565772891045
8.339272737503052,20.469912687779754,24.703793849723482,20.365070704865257,16.3721737154332,0.014389051124453545
8.392666578292847,20.586555492081153,24.789669910721027,20.42688035091147,16.43697527337842,0.012481694109737873
8.44630479812622,20.794694083373365,24.922537577414733,20.48856347860642,16.552607824096313,0.01017762441188097
8.498919010162354,21.16614709416329,24.99103896212029,20.545958461417236,16.75897060786849,0.007507333531975746
8.550334215164185,21.749024628709442,25.154024197492674,20.596818935649956,17.082791460394134,0.004608160816133022
8.609241008758545,22.479918705222527,25.265490094828685,20.645840209262165,17.488843725123626,0.0009918255964294076
8.66772747039795,23.133875773451514,25.210071939501155,20.683501764451808,17.852153207473062,-0.002746584825217724
8.724931716918945,23.960288553311912,25.291909972093173,20.709681571127454,18.311271418506617,-0.006698613055050373
8.787128925323486,25.0638329791016,25.41932544108074,20.722529288215366,18.924351655056444,-0.011215221136808395
8.8501136302948,26.3078781236563,25.62947997417948,20.71752491311408,19.615487846475723,-0.01612856239080429
8.919803142547607,27.639996882334657,25.801759037706624,20.691136180908916,20.35555382351925,-0.02206423133611679
8.987170696258545,28.910962307450774,26.098453172916976,20.64669418777015,21.06164572636154,-0.02812197059392929
9.054954051971436,30.081326896267175,26.27517334092952,20.58371460662018,21.711848275703986,-0.03430178761482239
9.124162435531616,31.07200816021097,26.39112196630842,20.501228326709406,22.26222675567276,-0.040023840963840485
9.190937757492065,31.71498831222263,26.441208263333735,20.408744595781627,22.619437951234794,-0.04475407302379608
9.25830602645874,31.92579483028988,26.583709911549494,20.310119515819334,22.736552683494377,-0.04861454665660858
9.328399181365967,31.64002859432627,26.66772727698355,20.209922351949228,22.577793663514594,-0.05151372030377388
9.389475345611572,31.048113941251096,26.876775705971518,20.135328032824688,22.248952189583942,-0.05303960293531418
9.447315454483032,30.281310857268014,27.14552120690643,20.078867792912373,21.822950476260008,-0.05381780490279198
9.501268148422241,29.413963809138046,27.359654453369227,20.042845988628134,21.34109100507669,-0.05401616543531418
9.556861877441406,28.4933029708695,27.46917246205933,20.021212551280335,20.829612761594166,-0.05372625216841698
9.615949630737305,27.471206611853273,27.69789786913801,20.01720239654434,20.261781451029595,-0.05307012051343918
9.675990104675293,26.459553191889793,27.896643983110753,20.033226555982132,19.699751773272105,-0.05201726034283638
9.734036684036255,25.54308479474539,28.08072535494505,20.066885833766253,19.190602663747438,-0.05079656094312668
9.787971258163452,24.712732825306873,28.208218416870324,20.112374586531583,18.729296014059372,-0.04957585036754608
9.839431762695312,24.052802221545576,28.259379801327814,20.16835379095157,18.362667900858654,-0.04832463711500168
9.891081809997559,23.445399019704737,28.41124088585227,20.233244174145245,18.025221677613743,-0.04705815017223358
9.942246913909912,23.006889803596,28.541959437029504,20.30773622064246,17.78160544644222,-0.04576115682721138
9.995954751968384,22.612360670468103,28.724796417431495,20.39308497286112,17.5624225947045,-0.044418372213840485
10.04872727394104,22.441132614449856,28.857197461976394,20.4850140714146,17.467295896916585,-0.04292301833629608
10.100855112075806,22.42880039905389,29.078846221603236,20.578438634071723,17.46044466614105,-0.04141239449381828
10.159168720245361,22.67340859728707,29.32754995746803,20.68430290197481,17.596338109603927,-0.03965763375163078
10.21241021156311,23.053258335169907,29.50215371681244,20.77933372221845,17.80736574176106,-0.03805546090006828
10.265194416046143,23.50904556635482,29.67298683720367,20.870351709073475,18.06058087019712,-0.036682166159152985
10.316980600357056,24.116126729953937,29.76982131521882,20.955281643260538,18.397848183307744,-0.035537756979465485
10.376176595687866,24.961369663866247,29.924807723527746,21.04032229384962,18.8674275910368,-0.03443911671638489
10.436755180358887,25.8674245946567,30.060593701118815,21.114723835446878,19.370791441475944,-0.033386263996362686
10.504322528839111,26.922438619795127,30.21657391331937,21.18367420211263,19.956910344330623,-0.03208926320075989
10.57805061340332,28.271962970445394,30.418333262063225,21.237594702919225,20.706646094691884,-0.03038027323782444
10.658296346664429,29.65293941812035,30.713627153499854,21.272117621450118,21.473855232289083,-0.02790835127234459
10.740989923477173,31.027700493707147,30.988002854048656,21.28331023859281,22.23761138539286,-0.024795562028884888
10.820926666259766,32.24600911480345,31.177517828988947,21.271310036934533,22.914449508224138,-0.02143862098455429
10.903194189071655,33.26939216264018,31.364610880785953,21.23779562408434,23.48299564591121,-0.017700210213661194
10.984512329101562,33.89213594908221,31.52135696180832,21.190129449061292,23.828964416156783,-0.013809223659336567
11.063333988189697,33.97306989661667,31.776100963350682,21.142459998103988,23.873927720342596,-0.010101324878633022
11.137240886688232,33.56361355094095,31.980467306939868,21.106749762206405,23.646451972744973,-0.0069275000132620335
11.219461917877197,32.68881078678331,32.15677494557746,21.086973585933524,23.160450437101836,-0.00404358608648181
11.298519611358643,31.57031559610861,32.36958141897669,21.094623920033598,22.53906422006034,-0.0024261607322841883
11.379692554473877,30.34761610900666,32.50995249004311,21.132103778534518,21.85978672722592,-0.0020751936826854944
11.456685543060303,29.153526613287085,32.597300920874105,21.19576636150013,21.19640367404838,-0.002868655137717724
11.533900737762451,27.975729555023268,32.77461026438171,21.289147981564817,20.542071975012924,-0.004806529730558395
11.612461566925049,26.99349740738924,32.92862910489166,21.410624189109875,19.996387448549577,-0.007629408501088619
11.702093362808228,26.140613813385475,33.07298481097647,21.573931884236387,19.522563229658594,-0.011596695519983768
11.7831392288208,25.651129208724356,33.19752503362323,21.740017259963736,19.250627338180198,-0.015579251572489738
11.857272386550903,25.450242408357212,33.306871610739535,21.89906530141344,19.139023560198453,-0.01939394511282444
11.923947095870972,25.507465440270007,33.38586871356125,22.04791357394788,19.170814133483336,-0.02281191200017929
11.983402013778687,25.681823655773048,33.46211159623831,22.178581568485072,19.267679808762804,-0.02574160508811474
12.043418645858765,25.945711162294664,33.537496032099966,22.307701149436728,19.41428397905259,-0.02847292646765709
12.103904008865356,26.194705169762592,33.59828484152209,22.435722375778276,19.55261398320144,-0.031036412343382835
12.16205644607544,26.47028876453188,33.661009973458626,22.555076811816402,19.705715980295487,-0.03324894607067108
12.219135522842407,26.697390679688965,33.71085345001057,22.670929497462968,19.831883710938314,-0.03520205616950989
12.280161142349243,26.821430790840232,33.73825555937499,22.788750626243846,19.900794883800128,-0.03691105172038078
12.331482648849487,26.86393029700721,33.77163352161952,22.891198475988162,19.924405720559562,-0.038147009909152985
12.38861894607544,26.91021284410233,33.78809217482737,23.0029465333834,19.950118246723516,-0.03918461874127388
12.441034317016602,26.90725908427849,33.78756934751569,23.103990425314777,19.948477269043607,-0.039855994284152985
12.493530035018921,26.783712906107194,33.8035431731402,23.208986259841947,19.879840503392884,-0.04029851034283638
12.545597791671753,26.707071270509765,33.79149076254252,23.31315799212527,19.83726181694987,-0.040435824543237686
12.59524917602539,26.59501387355158,33.81827507829002,23.415567274575892,19.775007707528655,-0.040405306965112686
12.647817373275757,26.472767087691587,33.80643299549627,23.523599313910637,19.707092826495327,-0.04011540114879608
12.700955390930176,26.269628389305367,33.81066069000229,23.63814674791417,19.59423799405854,-0.039444003254175186
12.754601240158081,26.162071797629483,33.7848624515326,23.752900097332407,19.53448433201638,-0.03839116171002388
12.804911136627197,26.006034120550787,33.787648699033376,23.863587016570946,19.447796733639326,-0.037155188620090485
12.857261896133423,25.895063930006614,33.75066148851048,23.980385099338523,19.38614662778145,-0.03559878095984459
12.910905122756958,25.73891263613676,33.73778240241353,24.100029051215877,19.29939590896487,-0.03382876515388489
12.962990283966064,25.668061405180747,33.68507614685081,24.218948366584296,19.260034113989306,-0.03195193409919739
13.015265226364136,25.56759426085441,33.66044187143486,24.338142511424603,19.204219033808005,-0.030029332265257835
13.06803274154663,25.525248158448015,33.59261387635764,24.45962562263424,19.180693421360008,-0.028244053944945335
13.121481895446777,25.452610494761547,33.55741621110153,24.58081891520752,19.140339163756416,-0.02664187178015709
13.173360347747803,25.47879384957128,33.48435301862508,24.700509240066044,19.154885471984045,-0.02540591172873974
13.224229097366333,25.48931596157793,33.4503486109068,24.8146988711345,19.160731089765516,-0.024078398942947388
13.277343034744263,25.544764581767367,33.365455752179,24.934679308355086,19.191535878759648,-0.022689849138259888
13.331213235855103,25.54063193309032,33.309406644468446,25.05321023178075,19.189239962827955,-0.021377595141530037
13.38305926322937,25.629932759514396,33.20898655232574,25.16601141691751,19.238851533063553,-0.02037050575017929
13.433429479598999,25.696662059092546,33.15232586818064,25.27273189060126,19.275923366162523,-0.01957705058157444
13.484979629516602,25.78917755664296,33.053768333553165,25.380200004930504,19.327320864801646,-0.01893618144094944
13.53732705116272,25.836661770783508,32.97718312493759,25.487813120348598,19.353700983768615,-0.01823427714407444
13.58706545829773,25.942310132473587,32.86859735222674,25.589162509634242,19.41239451804088,-0.01753237284719944
13.645040512084961,26.0226122650933,32.75810926205157,25.701795898374012,19.457006813940723,-0.01672365888953209
13.698320627212524,26.052306455501316,32.668204635143724,25.801909541648666,19.47350358638962,-0.015823379158973694
13.757012844085693,26.11187129550963,32.54112887352924,25.91148389251937,19.506595164172015,-0.014617936685681343
13.809162855148315,26.18855772416349,32.426842790870396,26.00409806744807,19.549198735646385,-0.013549823313951492
13.866474628448486,26.237835463480224,32.32003781142287,26.105867709509656,19.57657525748901,-0.012283344753086567
13.921070098876953,26.218910513047227,32.22533991566998,26.199573039262674,19.56606139613735,-0.011138936504721642
13.974170923233032,26.246653814832957,32.073803887808815,26.289013491651474,19.581474341573866,-0.01004030555486679
14.024267435073853,26.269128574653944,31.978205708806946,26.37131268221467,19.59396031925219,-0.00915528554469347
14.07481861114502,26.31961478185791,31.831884844398274,26.452125385476656,19.622008212143285,-0.0071105994284152985
14.139030456542969,26.343337681248958,31.6941230183248,26.549175970877666,19.635187600693865,-0.0031280589755624533
14.259036540985107,25.84195575010525,31.152881019610966,26.72923416234006,19.356642083391804,0.00549316918477416
14.320462942123413,25.917169822432086,30.932975692638365,26.821214892527077,19.398427679128936,0.010528575628995895
14.376014471054077,26.047680202616718,30.795165812780322,26.899592359680614,19.470933445898176,0.015075701288878918
14.431386947631836,26.0286060647219,30.714285775989886,26.974246501899742,19.460336702623277,0.019180310890078545
14.486039400100708,26.07508761210018,30.63130115731168,27.0455510837796,19.4861597845001,0.022888202220201492
14.542205572128296,26.037909952690445,30.571631609886243,27.119136738673856,19.46550552927247,0.02632143720984459
14.599340677261353,26.09737033462838,30.4405920483187,27.188608917485784,19.498539074793545,0.02908327803015709
14.653395175933838,26.1011302811924,30.333519905282557,27.25684384144078,19.50062793399578,0.03120424598455429
14.706458568572998,26.19106626602203,30.167437357654983,27.318446591775928,19.55059237001224,0.032409701496362686
14.76408314704895,26.28653739073234,29.98437407216041,27.381901183126175,19.60363188374019,0.032775912433862686
14.817365884780884,26.308979663198766,29.797032968697508,27.436091750416246,19.6160998128882,0.032394442707300186
14.868536949157715,26.40270299658391,29.571250022516985,27.484818213228255,19.668168331435503,0.03141786903142929
14.92615008354187,26.362050705595273,29.357572598335505,27.534679897363848,19.645583725330706,0.02975466474890709
14.98173189163208,26.37206828560735,29.10941182301959,27.580885963487265,19.65114904755964,0.02755739912390709
15.034447193145752,26.39077591279375,28.99038858183861,27.621575415516116,19.661542173774304,0.02505495212972164
15.087168455123901,26.468535568831033,28.851981315052942,27.659410733313997,19.704741982683906,0.02207948826253414
15.14093804359436,26.474852200162765,28.76745517965734,27.695376283055538,19.708251222312647,0.018707288429141045
15.194100618362427,26.52560957023203,28.62823940345816,27.728709545849462,19.736449761240017,0.015014665201306343
15.252854824066162,26.56026078935742,28.48046972741523,27.763461975757075,19.7557004385319,0.01107789110392332
15.31162405014038,26.61074683193147,28.309034782544128,27.7945455754343,19.783748239961927,0.0073547400534152985
15.372174263000488,26.59407844161963,28.083437211870788,27.823317948463128,19.774488023122018,0.003631598548963666
15.431603193283081,26.597211529138214,27.864175645872574,27.84766604332401,19.776228627299005,0.00010681143612600863
15.489616632461548,26.62517275591518,27.669446226040797,27.867582244985975,19.7917626421751,-0.003173835575580597
15.548027038574219,26.623231847499436,27.477272890052213,27.884630309294483,19.790684359721908,-0.00631714379414916
15.609251260757446,26.618377342970692,27.290403872223227,27.899077206855864,19.787987412761495,-0.009338391944766045
15.668423652648926,26.612921265875336,27.138509171125527,27.910327961027807,19.78495625881963,-0.01210022997111082
15.733185768127441,26.62680833234255,27.035962011053034,27.919770989431658,19.792671295745862,-0.014648454263806343
15.801188230514526,26.633408045817024,26.842465118835612,27.92687996361722,19.79633780323168,-0.016769424080848694
15.868410110473633,26.60403344154122,26.731216422162184,27.93143356649495,19.78001857863401,-0.018402112647891045
15.934185028076172,26.644473226347472,26.566544931359534,27.932783227572514,19.802485125748596,-0.019577037543058395
16.001250505447388,26.62497134631264,26.405370211410414,27.931020393382173,19.791650747951465,-0.02032472938299179
16.0677330493927,26.661395990684305,26.19199150108774,27.925771127517848,19.81188666149128,-0.02073671855032444
16.130330085754395,26.67492914302226,26.063329481994206,27.917302363223293,19.81940507945681,-0.02096560038626194
16.188326120376587,26.747662086981848,25.936543708035067,27.90629303985693,19.85981227054547,-0.02111818827688694
16.24807858467102,26.88325325256088,25.768804631392758,27.89089682545022,19.935140695867155,-0.021255483850836754
16.30379319190979,27.18919491556313,25.643807575044377,27.87016765721056,20.105108286423963,-0.021392812952399254
16.36014723777771,27.64896878554098,25.532533131010695,27.841481015325567,20.360538214189432,-0.021575918421149254
16.419148921966553,28.273277599636693,25.415367289535155,27.80053391389983,20.707376444242605,-0.021820059046149254
16.47901487350464,29.019885418427023,25.27818738932007,27.744930715953426,21.12215856579279,-0.022094715386629105
16.535337209701538,29.962941281446152,25.20360561964485,27.676716067580234,21.646078489692307,-0.022430410608649254
16.593125820159912,30.887504894369307,25.122215723773945,27.59135056466302,22.15972494131628,-0.022735577076673508
16.65223979949951,31.750794677027645,25.027494624120653,27.487834794482733,22.63933037612647,-0.02291868068277836
16.71130061149597,32.56840508117332,24.924901092252266,27.36876274768454,23.09355837842962,-0.02297971583902836
16.769223928451538,33.27412217056729,24.850096158020524,27.239299529788422,23.48562342809294,-0.02287290431559086
16.826956033706665,33.8700468398957,24.770759347660952,27.098247341652204,23.816692688830944,-0.02258298732340336
16.88608407974243,34.429334407172675,24.683769875909473,26.942485918893766,24.12740800398482,-0.021835308521986008
16.952366590499878,35.06697152004164,24.5579780236067,26.754963749528418,24.481650844467577,-0.020370464771986008
17.00903296470642,35.661778084623414,24.511117853132042,26.5824565083578,24.812098935901897,-0.018554670736193657
17.068132162094116,36.30330211179213,24.436240795018346,26.393195523693972,25.168501173217848,-0.016326889395713806
17.129300594329834,36.92820054508088,24.37009961059138,26.187409555904534,25.515666969489377,-0.01397703867405653
17.190276622772217,37.40606060223096,24.308316919515022,25.968554582918568,25.7811447790172,-0.01165770459920168
17.253008365631104,37.56811834931192,24.370154549795657,25.73724070803677,25.871176860728845,-0.009597769938409328
17.311291694641113,37.40537117629905,24.393155474667896,25.525671224790962,25.78076176461058,-0.008132927119731903
17.377195119857788,36.92234020617542,24.344879121712253,25.295836708642764,25.51241122565301,-0.006973260547965765
17.442113399505615,36.19528391291557,24.350854662676994,25.074157482153854,25.108491062730874,-0.0063781579956412315
17.505754232406616,35.33298221630827,24.288462554948307,24.873229651033235,24.629434564615703,-0.0063018640503287315
17.569565296173096,34.37293036541007,24.298137907945183,24.686392772885377,24.096072425227817,-0.006683333311229944
17.635001182556152,33.36821302574779,24.2600486791165,24.51488972051624,23.53789612541544,-0.007446272298693657
17.70033097267151,32.37355425275706,24.281533081392244,24.360063994664742,22.985307918198366,-0.008392316289246082
17.764068841934204,31.451629394573523,24.320553974466286,24.226386759363383,22.473127441429735,-0.009658794850111008
17.82899308204651,30.61332095455936,24.40762784537169,24.106900198949443,22.007400530310754,-0.011276224628090858
17.894819974899292,29.87640612250764,24.40567425327489,24.00075777589506,21.598003401393132,-0.01325986534357071
17.954699516296387,29.355655324701335,24.434161639274066,23.91545197515151,21.308697402611852,-0.01531980000436306
18.01796007156372,29.020340914486468,24.543970994092696,23.83278662923042,21.12241161915915,-0.01777646318078041
18.083943843841553,28.85823978020901,24.548090555938593,23.75195337092736,21.03235543344945,-0.02052304334938526
18.151237726211548,28.9910396616555,24.63205328923886,23.670434768076664,21.106133145364165,-0.023483246564865112
18.217044830322266,29.375566975683167,24.68723465024514,23.586972016890126,21.319759430935093,-0.02645871601998806
18.279115438461304,30.063821912188406,24.854127055237107,23.499581242375726,21.702123284549113,-0.029190028086304665
18.339353322982788,30.848824965278176,24.91454618646268,23.404989746367217,22.13823609182121,-0.03170773386955261
18.39826798439026,31.68064906195396,24.977789206937526,23.300394578870563,22.60036058997442,-0.03387448191642761
18.45627498626709,32.500400473724845,25.087615348320913,23.18571281847706,23.05577804095825,-0.035736050456762314
18.512208938598633,33.22607149189349,25.207158269405387,23.062455413059006,23.458928606607497,-0.03718562424182892
18.57703995704651,33.839690576143916,25.305003568987168,22.91356115576352,23.79982809785773,-0.03836055099964142
18.64224863052368,34.12228593333869,25.446638473955904,22.754692531152283,23.956825518521494,-0.039123501628637314
18.701139211654663,34.04791192094821,25.546341228428528,22.617211899705364,23.915506622749003,-0.039367642253637314
18.75699543952942,33.717490403211315,25.658760617066008,22.487902736437334,23.731939112895173,-0.03935237228870392
18.817468643188477,33.13890770219149,25.73058443257536,22.35950734667819,23.410504278995273,-0.03898616135120392
18.883507251739502,32.304835631743465,25.824801804924675,22.23335884995358,22.947130906524148,-0.03836055099964142
18.947238206863403,31.42401940532325,26.035853247800173,22.128818532200864,22.457788558512917,-0.03749080002307892
19.01120686531067,30.469310375885104,26.208039880983176,22.045002179453117,21.927394653269502,-0.03640742599964142
19.090375900268555,29.35704806250526,26.46066452607454,21.967812218481342,21.309471145836255,-0.03482051566243172
19.158384084701538,28.427327325669932,26.56956179834432,21.924169372355234,20.792959625372184,-0.03326411917805672
19.221578121185303,27.684978162282782,26.788517157073425,21.899979987281075,20.380543423490433,-0.03164668753743172
19.279497861862183,27.096037335450646,26.928891355767533,21.89154369016219,20.053354075250358,-0.030029261484742165
19.338103771209717,26.614712628653038,27.03423402162219,21.893381105868396,19.7859514603628,-0.028243983164429665
19.40290403366089,26.314395506802633,27.15658964100305,21.90415250570755,19.61910861489035,-0.026428189128637314
19.466021060943604,26.337515529579623,27.373808155595174,21.92009621587981,19.63195307198868,-0.024887053295969963
19.524876832962036,26.564595191914083,27.550359483798516,21.93534744564646,19.758108439952267,-0.023864705115556717
19.584354877471924,27.015264421097587,27.739139105345956,21.94803919419309,20.008480233943104,-0.023162800818681717
19.642421007156372,27.681755793304383,27.94216953857256,21.954436734473184,20.378753218502435,-0.022888142615556717
19.699923276901245,28.563840375481217,28.13066275141463,21.951116916400604,20.868800208600675,-0.023025471717119217
19.758316040039062,29.567231352732968,28.307777276920586,21.9354162072889,21.426239640407204,-0.023559529334306717
19.816268920898438,30.580902795961833,28.458702082969854,21.9058193564135,21.989390442201017,-0.024398760870099068
19.880066871643066,31.689505187684006,28.61766798795841,21.856494122734645,22.605280659824448,-0.025665240362286568
19.94417905807495,32.66538457943808,28.837037635056227,21.79246875486828,23.1474358774656,-0.02716059982776642
20.01103949546814,33.44843538616043,28.96761561051132,21.71332982856454,23.582464103422463,-0.02883906476199627
20.082409858703613,33.89545775608366,29.16431715305138,21.619659926834235,23.83080986449092,-0.03065485879778862
20.147257328033447,33.880229589427366,29.399938302151426,21.536831871937252,23.82234977190409,-0.03216547891497612
20.206657648086548,33.554979555211546,29.549302576508758,21.466310071464648,23.641655308450858,-0.03334040567278862
20.265283823013306,32.991446460388,29.71562228053668,21.407355126034503,23.328581366882222,-0.03401179239153862
20.31709337234497,32.35108943594699,29.85029072773445,21.366830955513908,22.972827464414994,-0.03430170938372612
20.374974727630615,31.545901351146703,30.05682987058352,21.336529164324936,22.525500750637057,-0.03431696817278862
20.43392038345337,30.721135227546842,30.24908693704711,21.322040022988684,22.067297348637133,-0.03411860391497612
20.491300106048584,29.915765132027385,30.456033508472192,21.323465979560037,21.619869517792992,-0.03369135782122612
20.54828929901123,29.138975294555443,30.646050280457636,21.34014814909898,21.188319608086356,-0.03308100625872612
20.60740566253662,28.414345634365908,30.803461537980063,21.372195345901996,20.785747574647726,-0.03233332559466362
20.66878628730774,27.76247811034073,30.93708070280241,21.418664580696962,20.423598950189294,-0.03149409219622612
20.725209712982178,27.274296341755708,31.08764898616418,21.47469965262322,20.15238685653095,-0.03068537637591362
20.783425331115723,26.92939878829422,31.235441065409777,21.539721093766904,19.9607771046079,-0.02973933331668377
20.836286783218384,26.67964152404725,31.37849199752842,21.60456271506645,19.822023068915136,-0.02886958234012127
20.896100521087646,26.54177944153578,31.523341344529655,21.68378103551076,19.745433023075435,-0.02780146896839142
20.95307993888855,26.56862232946756,31.68291474399743,21.763969863757804,19.760345738593088,-0.02664180099964142
21.009499073028564,26.71480475020578,31.828354116514628,21.844596563655493,19.841558194558765,-0.025390582159161568
21.062248706817627,26.928629197804877,31.928946878705858,21.915872467535078,19.96034955433604,-0.024154620245099068
21.11438536643982,27.122739359225672,32.05162665167769,21.98740526004157,20.06818853290315,-0.022766072303056717
21.167117834091187,27.417753405683786,32.14621427159684,22.056466506361993,20.232085225379883,-0.020782431587576866
21.21820092201233,27.736120483790614,32.29065187915493,22.121462713093877,20.408955824328118,-0.017883263528347015
21.268980264663696,28.21217246714863,32.408290468627804,22.18254417768589,20.673429148415906,-0.013748115859925747
21.328328371047974,28.83810904804202,32.543174409255315,22.24652684247419,21.021171693356678,-0.007219525054097176
21.38594913482666,29.662059656544653,32.66810440125545,22.299456006017447,21.478922031413695,2.9641443688888103e-05
21.444329023361206,30.592123402266996,32.77122966958266,22.340325868671083,21.995624112370553,0.007303893566131592
21.502201318740845,31.573185930861616,32.86206076081682,22.3674296129701,22.540658850478675,0.01430584117770195
21.561092138290405,32.58415264990307,32.94358246183534,22.380187545412575,23.102307027723928,0.020936280488967896
21.61939311027527,33.49463341440302,33.014581394788344,22.378641113870763,23.608129674668344,0.026769213378429413
21.6763117313385,34.19763902878484,33.102337549172475,22.365547180929223,23.99868834932491,0.03142540156841278
21.72904086112976,34.620686026247135,33.19633579005425,22.346667080068265,24.233714459026185,0.034454576671123505
21.781494855880737,34.76380152232482,33.26268469185601,22.32562876172179,24.313223067958234,0.0361391045153141
21.832746267318726,34.66502385799464,33.37836752382103,22.30718010455232,24.2583465877748,0.0364457331597805
21.885367155075073,34.35647718596685,33.45359304128154,22.29297218254632,24.086931769981586,0.0354270339012146
21.938408374786377,33.893421972862335,33.5450851857699,22.286115298104036,23.82967887381241,0.033074334263801575
21.990087032318115,33.32794033072174,33.58477157504357,22.287878364244623,23.51552240595652,0.030460160225629807
22.039840936660767,32.719051530282655,33.651503937441504,22.298915653479014,23.17725085015703,0.02842569909989834
22.093305110931396,32.04827216441778,33.67836475492049,22.31979898023763,22.80459564689877,0.02728346548974514
22.145928382873535,31.386128107943954,33.7181608853067,22.351446163441153,22.43673783774664,0.027162035927176476
22.199381351470947,30.717272836392258,33.708954676954676,22.39233549906688,22.065151575773477,0.028434988111257553
22.256386756896973,30.049982191544686,33.72870003526527,22.446300745209605,21.69443455085816,0.03111032210290432
22.30732560157776,29.53597792621207,33.77542803521268,22.502686921022274,21.408876625673372,0.03447974473237991
22.35939860343933,29.029643511587096,33.796622366783645,22.567661881593907,21.127579728659498,0.038442905992269516
22.41161346435547,28.609731340081854,33.83391072155921,22.640401249762895,20.894295188934365,0.04261904954910278
22.467967748641968,28.189159439376425,33.86554964526633,22.725877522053647,20.660644132986903,0.046876803040504456
22.525169372558594,27.85216392724164,33.88905176936095,22.8182241582715,20.473424404023135,0.05056311935186386
22.579716682434082,27.556098441726085,33.859053871040366,22.911026297596223,20.308943578736713,0.05331939458847046
22.63255500793457,27.42601625480802,33.85231682618182,23.005397636753905,20.236675697115565,0.05513693392276764
22.686355113983154,27.34899330707161,33.80590609895775,23.101272460254364,20.193885170595337,0.05568598210811615
22.737274169921875,27.401543231734045,33.78617946631839,23.191780288146337,20.22307957318558,0.05537152290344238
22.790173768997192,27.43575701044415,33.7518480936673,23.283951478243445,20.242087228024527,0.05404800549149513
22.841610431671143,27.495317900192525,33.744640672101525,23.37460882129427,20.27517661121807,0.05169808492064476
22.892489194869995,27.517510272355185,33.717483110019806,23.46248913606974,20.28750570686399,0.04907228797674179
22.94303870201111,27.557878947136402,33.7170637837391,23.54807288543282,20.30993274840911,0.04673971235752106
22.995186805725098,27.553917882301413,33.67434304302184,23.636651977716184,20.307732156834117,0.045026496052742004
23.04629683494568,27.649719724884104,33.645519943357996,23.723130756472123,20.36095540271339,0.044138770550489426
23.097338914871216,27.81715764056905,33.576561824252046,23.805861762468755,20.453976466982805,0.044157177209854126
23.15380048751831,28.21973986049719,33.514632170024335,23.892193437438323,20.677633255831772,0.045201726257801056
23.20693850517273,28.702377576544322,33.452179860094326,23.966074993878507,20.9457653203024,0.046841301023960114
23.25903010368347,29.33640491009289,33.36486025828966,24.02918647242946,21.298002727829385,0.04914303869009018
23.31005620956421,30.058963342856053,33.299067222763625,24.0794688417167,21.699424079364473,0.05183188244700432
23.360987901687622,30.71099658489649,33.199235809108785,24.118335021892563,22.061664769386937,0.0546928271651268
23.411421060562134,31.289541518388795,33.13642585931469,24.14788813773705,22.38307862132711,0.05749364197254181
23.465142965316772,31.81958168437702,33.035737330541046,24.169466673335865,22.677545380209455,0.05998895317316055
23.516206979751587,32.354702390859316,32.98388286571806,24.18175474853713,22.97483466158851,0.06166886165738106
23.566996335983276,32.92823356717993,32.896654627097554,24.185493928775795,23.29346309287774,0.06241969019174576
23.62112545967102,33.62346955457513,32.81093539755487,24.178762884792754,23.679705308097294,0.06177234649658203
23.67275357246399,34.35113973855016,32.69679105291622,24.16089711570205,24.083966521416755,0.05952071771025658
23.72415804862976,35.109719778540956,32.618820216962106,24.131987240195123,24.505399876967196,0.05539160594344139
23.774335145950317,35.82276792385934,32.49623169174345,24.091916512160182,24.901537735477408,0.049761030822992325
23.825952291488647,36.3636691226848,32.40093301649161,24.041368948496288,25.202038401491553,0.04297179728746414
23.87854814529419,36.6430363840713,32.244767752846165,23.981326388043108,25.357242435595168,0.035777218639850616
23.92862629890442,36.61613221455991,32.12793401844617,23.920714555556476,25.342295674755505,0.02943694218993187
23.978648900985718,36.38063401857081,31.999750150524335,23.861404009832473,25.21146334365045,0.023969531059265137
24.0310800075531,35.954141298005545,31.9014795541228,23.80329844899899,24.974522943336414,0.01936059258878231
24.08214783668518,35.38575891775921,31.772615362985448,23.75068807872766,24.658754954310673,0.015928292647004128
24.13902997970581,34.64473443923139,31.64780190680035,23.701225285402128,24.247074688461883,0.013027501292526722
24.19539761543274,33.8418937659059,31.508943134821525,23.661988910045853,23.801052092169943,0.011289400048553944
24.247086763381958,33.08601908996281,31.383358808541022,23.635399591073572,23.381121716646007,0.010318897664546967
24.299087285995483,32.318378392667626,31.20544202160834,23.617134405614348,22.954654662593125,0.009580302983522415
24.348578929901123,31.6010861534384,31.087671400016305,23.607870941132102,22.556158974132444,0.008884476497769356
24.398974180221558,30.9475391061129,30.93539557173779,23.605940288144616,22.19307728117383,0.008079679682850838
24.451306581497192,30.319553243711475,30.799316733659317,23.61114716242079,21.844196246506375,0.006936222314834595
24.504679203033447,29.75714796522506,30.592196721813774,23.62218793038365,21.531748869569476,0.006100337952375412
24.5564546585083,29.34889792844277,30.458168356244432,23.63683915986229,21.304943293579317,0.00583137571811676
24.60756206512451,29.110229810178982,30.31558643247617,23.653437039934335,21.172349894543878,0.0062465304508805275
24.659965753555298,29.000195391992595,30.205505283094034,23.67054654322566,21.111219662218108,0.00763344531878829
24.71125626564026,29.046228652610964,30.04815603357506,23.685694572131236,21.13679369589498,0.009934972040355206
24.763970375061035,29.1627857467649,29.929639221386267,23.69773285597235,21.20154763709161,0.012925096787512302
24.813002347946167,29.373905308398466,29.78024079949484,23.704950677580648,21.31883628244359,0.016339270398020744
24.864100694656372,29.597916248996107,29.644508865368874,23.70740720593323,21.443286804997836,0.020234104245901108
24.917412281036377,29.791597000119452,29.435093527189718,23.704437128798894,21.550887222288583,0.024343106895685196
24.968244552612305,29.91286597104493,29.285597310849017,23.69718820193282,21.618258872802738,0.028261136263608932
25.019450426101685,29.94966162081694,29.10096101643183,23.68672141427557,21.638700900453856,0.031943656504154205
25.071666479110718,29.864079647703928,28.954541815841747,23.67450386027536,21.591155359835515,0.035143591463565826
25.123481035232544,29.747440078957197,28.754142407334374,23.66164850880063,21.526355599420665,0.0373314768075943
25.175153017044067,29.654812520935526,28.62116690325476,23.64763919077175,21.47489584496418,0.03878358006477356
25.226303815841675,29.667683746135786,28.462841947383083,23.632151048370005,21.48204652563099,0.039205990731716156
25.278982639312744,29.76212624290881,28.348405701748288,23.613475221688347,21.534514579393782,0.038461167365312576
25.33210563659668,29.93471288819802,28.16504840238376,23.590120427300445,21.6303960489989,0.03733370825648308
25.386270999908447,30.137766738112592,28.03257893756599,23.561096888447608,21.743203743395885,0.036442529410123825
25.43624782562256,30.356376056182757,27.89025494362962,23.528907492301915,21.864653364545976,0.03636537119746208
25.48765230178833,30.48304071697596,27.78746304698734,23.49281120233512,21.9350226205422,0.03705901280045509
25.541199684143066,30.465495323293187,27.570652393880128,23.45093558928233,21.925275179607326,0.03889423608779907
25.595504760742188,30.386451195027316,27.433687290234353,23.407903023696075,21.881361775015176,0.04154457896947861
25.64538836479187,30.353582836032388,27.27353305924344,23.36617439828717,21.86310157557355,0.04462627321481705
25.696985721588135,30.341076116147473,27.148908213788083,23.321620036185415,21.856153397859707,0.04855884611606598
25.749120473861694,30.37832086592297,26.964812469277096,23.274764592302887,21.87684492551276,0.052859656512737274
25.80177593231201,30.448300847329648,26.827938433083727,23.223953345244556,21.915722692960916,0.05721051245927811
25.85224461555481,30.510074774292004,26.67081386919688,23.17158261373983,21.950041541273336,0.06121877580881119
25.90325117111206,30.487280934506185,26.57742521917633,23.11589743550498,21.93737829694788,0.06471233069896698
25.956639766693115,30.365258820994065,26.406352476110158,23.057777099848334,21.86958823388559,0.06743203103542328
26.009649991989136,30.177241589764073,26.30663228165186,23.000398403318478,21.765134216535596,0.06898016482591629
26.067434549331665,30.004208259759118,26.19377121642443,22.938811507707552,21.669004588755065,0.06931416690349579
26.119948625564575,29.874536860984936,26.053567400580995,22.884475348121832,21.59696492276941,0.06821667402982712
26.173003435134888,29.7266123468344,25.944678222442327,22.82943392172474,21.514784637130223,0.06601426750421524
26.22654414176941,29.557596237881903,25.781849845866684,22.775360637751085,21.42088679882328,0.06335757672786713
26.276095390319824,29.35195106777463,25.699280007602436,22.72398292006296,21.306639482097015,0.060739509761333466
26.328444004058838,29.136134696014913,25.563810290390954,22.673499520969667,21.186741497786063,0.058710694313049316
26.38204598426819,28.932892680263105,25.47021523251236,22.62272854829128,21.073829266812837,0.057247862219810486
26.435178518295288,28.83230403110806,25.316180075434364,22.57203844135917,21.01794668394892,0.05656233802437782
26.486791849136353,28.858039897521508,25.26250800278993,22.5219141849958,21.03224438751195,0.056695617735385895
26.539090633392334,28.990535834322525,25.147714269295417,22.468315749324674,21.10585324129029,0.05744243040680885
26.592063188552856,29.176490287998107,25.095967470542018,22.41066739644602,21.20916127111006,0.05860322713851929
26.64371657371521,29.392157326407002,24.977597278551226,22.348211975273433,21.328976292448335,0.05982841178774834
26.6962673664093,29.607700967547963,24.9503690423743,22.28216740813568,21.44872275974887,0.0611637681722641
26.74695634841919,29.838922724820694,24.853986066591023,22.213830612129197,21.577179291567052,0.0623365119099617
26.79950976371765,30.014509146421023,24.809510989907608,22.138450174295368,21.674727303567234,0.06306484341621399
26.853286266326904,30.148461222884755,24.687644371607576,22.060650411122662,21.749145123824864,0.06305143237113953
26.903987646102905,30.239593627886794,24.66633570676291,21.982749952324717,21.799774237714885,0.06219809502363205
26.954572916030884,30.26139265659919,24.58693362428743,21.90480485961999,21.811884809221773,0.0605500228703022
27.00729203224182,30.187314356839654,24.55223039081961,21.823694133360227,21.77073019824425,0.05772840604186058
27.059229373931885,30.0341575820728,24.440935394372904,21.743665452249132,21.685643101151555,0.05396723002195358
27.110432386398315,29.825770259696522,24.446562749228,21.667787757333258,21.569872366498068,0.04997146502137184
27.16199564933777,29.549638305634307,24.38561445421931,21.594048406160805,21.416465725352392,0.04628986865282059
27.21668767929077,29.172006746577594,24.35558899624546,21.520224659530907,21.20667041476533,0.043532781302928925
27.269301176071167,28.793183635967825,24.29677859920932,21.45422233686851,20.996213131093235,0.042018916457891464
27.32114315032959,28.41037773258821,24.332634253437817,21.395195064134324,20.783543184771226,0.0415155328810215
27.37875247001648,27.968233308823926,24.326471210953656,21.333400846823867,20.53790739379107,0.04206173121929169
27.432334899902344,27.598163161672286,24.289434056995248,21.283303949811142,20.332312867595714,0.043343640863895416
27.483760833740234,27.26632795535392,24.32031246819006,21.238525809952062,20.14795997519662,0.04512600228190422
27.53498363494873,27.011007012762086,24.287932194761606,21.198666566576488,20.006115007090045,0.04720548540353775
27.586341619491577,26.81310606092952,24.321741634835895,21.161832813037684,19.896170033849735,0.04920463636517525
27.646303415298462,26.677875911068288,24.310696853650377,21.121575818664002,19.821042172815716,0.051205139607191086
27.697850227355957,26.660476838878218,24.30021244313798,21.087834722520654,19.81137602159901,0.05223900452256203
27.756012201309204,26.675603405806843,24.307298925115546,21.05003881309333,19.81977966989269,0.05281062796711922
27.808119535446167,26.74260468707213,24.367489170347604,21.016109215033232,19.85700260392896,0.0525229349732399
27.86126399040222,26.85340965388882,24.344877335088388,20.980880797918015,19.918560918827122,0.05151444301009178
27.913292169570923,27.02787107656016,24.413923241394123,20.94457267204874,20.01548393142231,0.04954562708735466
27.9644718170166,27.276372039738735,24.440231359618437,20.906943083092614,20.153540022077074,0.046816758811473846
28.016414165496826,27.51179319689977,24.52711411872244,20.865822926434298,20.284329553833203,0.04295562952756882
28.06912899017334,27.73264570992809,24.52118289651893,20.82169419820336,20.407025394404492,0.03815198317170143
28.12132954597473,27.95482253858539,24.614594137372745,20.775232185852932,20.530456965880774,0.03303458169102669
28.17221975326538,28.168435427186843,24.655399744726562,20.727232805922466,20.64913079288158,0.028476200997829437
28.223102569580078,28.34409900563103,24.768529506887557,20.676980443931143,20.746721669795015,0.024499233812093735
28.276355743408203,28.46355918602241,24.794713002818167,20.62486826456555,20.813088436679116,0.021581843495368958
28.328782558441162,28.528601059513417,24.909878725000574,20.572650832591908,20.849222810840786,0.019821057096123695
28.38100266456604,28.522803200820928,24.93026222960014,20.521177683121063,20.84600177823385,0.019115112721920013
28.43228006362915,28.451242367442166,25.06019341733016,20.472301627570616,20.806245759690093,0.019234800711274147
28.48542833328247,28.29129126968321,25.08831742806734,20.42464332177691,20.717384038712893,0.02021513506770134
28.538191556930542,28.075896087372776,25.227102802887234,20.381824391582118,20.59772004854043,0.021667692810297012
28.589216947555542,27.818061252609738,25.29028568497225,20.344500484588544,20.454478473672076,0.0233723446726799
28.640973329544067,27.522148547706383,25.443413447465158,20.312946544161075,20.290082526503546,0.025054439902305603
28.694347620010376,27.193440269795023,25.498016096892293,20.28673781560897,20.10746681655279,0.02658788114786148
28.746408700942993,26.858410052885212,25.624904640297036,20.266912525137105,19.921338918269562,0.027725353837013245
28.796252250671387,26.581227621179362,25.717252727355497,20.25380972286994,19.76734867843298,0.02831634134054184
28.84999656677246,26.283525909627524,25.846053394129815,20.245063978196065,19.60195883868196,0.028649555519223213
28.90343475341797,26.022433234723646,25.907383338621315,20.241584757183446,19.45690735262425,0.02855181321501732
28.956986904144287,25.814126168826,26.07163866845809,20.24329741393466,19.341181204903332,0.028380006551742554
29.00934410095215,25.67045916963058,26.189701931818796,20.249257153428694,19.26136620535032,0.0287617314606905
29.062716007232666,25.547197655139605,26.364684412343763,20.259445523894588,19.192887586188668,0.029876582324504852
29.12344455718994,25.492830390888056,26.525382557631804,20.274722128487177,19.162683550493362,0.03205842897295952
29.1897234916687,25.574132917798337,26.733555622256773,20.2934871922764,19.207851620999076,0.03541988506913185
29.24931311607361,25.456574848756862,26.755302448388687,20.31534875811593,19.1425415826427,0.03953474014997482
29.316330671310425,25.795740867834066,27.067368749347914,20.338539879417628,19.330967148796702,0.044667862355709076
29.368951320648193,25.864818802465138,27.181391192593964,20.358111896499558,19.3693437791473,0.049346234649419785
29.425628423690796,26.00149984770545,27.251565314670223,20.37843129450759,19.445277693169693,0.05439942330121994
29.48361086845398,26.180571549200376,27.420269186386047,20.398781936845182,19.544761971777987,0.05927997827529907
29.539257287979126,26.42837603397601,27.562052337761894,20.417265893233292,19.682431129986675,0.06356380134820938
29.595389127731323,26.6443953502955,27.762138867992945,20.434819903159756,19.802441861275277,0.06714166700839996
29.651098012924194,26.892375572018853,27.901487310069925,20.45088257718537,19.940208651121587,0.06992096453905106
29.704061031341553,27.168624938338063,28.146522798786844,20.465435715321167,20.09368052129892,0.07159048318862915
29.754982471466064,27.463369371992925,28.339405056441468,20.47836980319826,20.25742742888496,0.07227396965026855
29.80740714073181,27.711779168535752,28.530917681441004,20.491034714847267,20.39543287140875,0.07194294035434723
29.860293865203857,27.93537438705836,28.61588749501592,20.50243938140961,20.519652437254642,0.07059638202190399
29.910999298095703,28.1524612229019,28.776615709578095,20.512217641557914,20.640256234945497,0.06805315613746643
29.963512182235718,28.301830522697593,28.865260953708027,20.521633107473576,20.72323917927644,0.0641474723815918
30.017249584197998,28.37620489947226,29.00419756190603,20.531832976821306,20.76455827748459,0.058822985738515854
30.06910490989685,28.419014450090355,29.109309272896567,20.54279429890291,20.788341361161308,0.05312059447169304
30.11944842338562,28.422519264551724,29.30455406866323,20.55555597223801,20.790288480306515,0.0475991889834404
30.174320697784424,28.33429170997027,29.430188781399277,20.572680131143095,20.741273172205705,0.042212843894958496
30.229259490966797,28.180425333168465,29.57766924348352,20.59372462265676,20.655791851760256,0.037296075373888016
30.282240867614746,28.054027106661913,29.74110941508765,20.61758535290204,20.585570614812173,0.033502694219350815
30.333301067352295,27.933322072047215,29.996735453290032,20.644971084352925,20.51851226224845,0.03058735281229019
30.385597467422485,27.79159025418617,30.17526508035959,20.678072851288483,20.43977236343676,0.02830372005701065
30.438280820846558,27.654233731008343,30.366432928761164,20.716966613121336,20.363463183893522,0.02644035965204239
30.49132537841797,27.55473557244085,30.47473044952553,20.759469489140724,20.308186429133805,0.02475900948047638
30.541759967803955,27.53057212289305,30.63861742961977,20.80246276374171,20.294762290496138,0.023419583216309547
30.5946843624115,27.550660151682795,30.74054613602786,20.84882408013302,20.30592230649044,0.02197648212313652
30.646991729736328,27.62070446645151,30.878917448689613,20.897031554274523,20.344835814695283,0.020262684673070908
30.70661497116089,27.775622397212462,31.004124540348204,20.95119872240506,20.430901331784703,0.018104705959558487
30.757370471954346,27.934181225968334,31.10318686295185,20.997791880163117,20.51898956998241,0.016060639172792435
30.811307907104492,28.074211131609463,31.249738888010075,21.045643998549522,20.596783962005254,0.01357942819595337
30.864768981933594,28.217309180279226,31.36054683454196,21.092924016442364,20.676282877932906,0.010729819536209106
30.91776132583618,28.366396157558384,31.54291012970797,21.14076330322696,20.759108976421324,0.007231086492538452
30.969341039657593,28.56362780498474,31.687375959937633,21.18664550082318,20.86868211388041,0.0033359602093696594
31.022220611572266,28.819792642914614,31.887426805863726,21.232660972902444,21.01099591273034,-0.0009032988455146551
31.07552409172058,29.06516971757076,32.00520201425868,21.277396648990823,21.147316509761534,-0.00418290589004755
31.126964330673218,29.347842306858986,32.16185390969686,21.31938504527643,21.30435683714388,-0.006469547748565674
31.178635835647583,29.63108705984639,32.25574665446561,21.358458015157698,21.461715033247994,-0.007639411836862564
31.230494022369385,29.90147994436664,32.373507249479914,21.395694238671563,21.61193330242591,-0.007863234728574753
31.283244371414185,30.148214520504823,32.43631525017365,21.4311460602997,21.749008066947123,-0.007039200514554977
31.33523440361023,30.375275043726322,32.54197556744747,21.46394213157395,21.87515280207018,-0.0054959505796432495
31.38609790802002,30.557149216560102,32.61415733247792,21.4945272570465,21.976194009200057,-0.0031757429242134094
31.439154624938965,30.641101923318722,32.70162405571285,21.525412051574666,22.022834401843735,-0.00039139389991760254
31.492212057113647,30.635386514680846,32.77995861674611,21.557157365165438,22.019659174822692,0.002788819372653961
31.54527258872986,30.554232959881652,32.91042630382409,21.59039679910171,21.974573866600917,0.0058277565985918045
31.59534788131714,30.42161549695707,33.01454226700951,21.625570255796347,21.900897498309483,0.009028454311192036
31.648219108581543,30.21804276012955,33.14950226881034,21.66605144842041,21.787801533405304,0.012052128091454506
31.699984073638916,29.989559631930067,33.22525459852326,21.71123179975133,21.66086646218337,0.014712221920490265
31.757405519485474,29.73490550368757,33.32230249517321,21.76635134294515,21.519391946493094,0.016849305480718613
31.807080268859863,29.49030850805533,33.40268847853528,21.819354905987687,21.383504726697407,0.01792629435658455
31.85770082473755,29.212292388017506,33.43834082718284,21.87748059398137,21.22905132667639,0.01867818832397461
31.911295175552368,28.90660360775889,33.48861636148711,21.943454785048313,21.059224226532717,0.019379496574401855
31.963420867919922,28.666514741027676,33.50145846503297,22.01296298474192,20.925841522793153,0.02017831802368164
32.01530194282532,28.540685541139975,33.53906740367674,22.08414065978132,20.85593641174443,0.020954467356204987
32.07290816307068,28.595775958856215,33.599672147498815,22.165051924058314,20.886542199364563,0.02205405943095684
32.12751817703247,28.78583313225146,33.6403322930597,22.238820027886522,20.992129517917476,0.023252075538039207
32.18098163604736,29.10469827616952,33.711866245231874,22.308885177221242,21.169276820094176,0.024353493005037308
32.238502979278564,29.550941602899858,33.78258900335883,22.37881390080322,21.41718977938881,0.0253647081553936
32.2910270690918,29.880412917874846,33.81952977561025,22.437468532014954,21.60022939881936,0.025922395288944244
32.34410881996155,30.06332167902429,33.85782460549343,22.494233239879932,21.701845377235717,0.025829683989286423
32.396456480026245,30.194047857772755,33.852519511978564,22.548384102525738,21.774471032095974,0.0252014622092247
32.448593616485596,30.279691280077888,33.868973451680354,22.60124227072146,21.822050711154382,0.023959487676620483
32.50135278701782,30.288512760265316,33.84025095361338,22.65505214478094,21.82695153348073,0.022197067737579346
32.553436279296875,30.28410493884062,33.82591405905452,22.707416349673263,21.824502743800345,0.019559133797883987
32.60711741447449,30.251744777529417,33.78806776242128,22.761157328865497,21.80652487640523,0.016535721719264984
32.657166957855225,30.25755127708902,33.80133096663074,22.81198752073388,21.8097507094939,0.013016417622566223
32.709951877593994,30.324450879971174,33.791766413434615,22.86318436038753,21.84691715553954,0.008889220654964447
32.762449979782104,30.43752284365492,33.806798540545586,22.91385458129508,21.909734913141623,0.003959286957979202
32.81467819213867,30.54180845836022,33.78018544113217,22.962856584035645,21.967671365755677,-0.0015852265059947968
32.866575717926025,30.592199567469716,33.78181954287384,23.009666020849313,21.995666426372065,-0.00717926025390625
32.918636083602905,30.598953502732257,33.73896263196809,23.05663913899885,21.999418612629032,-0.012460872530937195
32.972578048706055,30.54446249894311,33.700550356989666,23.105468969353154,21.96914583274617,-0.017351411283016205
33.02650451660156,30.51180925937536,33.62221800519969,23.153537186356846,21.951005144097422,-0.021599631756544113
33.07809901237488,30.564289196253743,33.58849326983343,23.19933369144171,21.980160664585412,-0.024999480694532394
33.129775285720825,30.718503999652004,33.49776693187313,23.242373840172085,22.065835555362224,-0.02762647159397602
33.18344783782959,31.011178642660976,33.44222099092525,23.281046905052758,22.228432579256097,-0.029817843809723854
33.2351438999176,31.471906523186156,33.367359052281266,23.312467404590958,22.484392512881197,-0.031619951128959656
33.28620767593384,32.0054246135018,33.33367834222042,23.33496938874614,22.780791451945444,-0.032835546880960464
33.33763241767883,32.54222047502709,33.261119546387214,23.349211104829237,23.079011375015046,-0.03352528065443039
33.391297340393066,33.00970370270809,33.204421843111206,23.355628275714263,23.33872427928227,-0.03380398452281952
33.443191051483154,33.30225636097304,33.113125117185106,23.355642395758505,23.50125353387391,-0.03373260051012039
33.49540972709656,33.37011386483712,33.04659210942183,23.35255496851237,23.538952147131734,-0.03363848477602005
33.54714632034302,33.233071727902676,32.933517245307975,23.349333620796383,23.462817626612598,-0.03395174443721771
33.60128211975098,32.91183346231435,32.84599749987326,23.34856655797298,23.28435192350797,-0.03449513390660286
33.653467893600464,32.48432518471184,32.72523789778568,23.352119461278626,23.046847324839913,-0.034853287041187286
33.70473861694336,31.972216571153535,32.616711714740134,23.360681201846926,22.76234253952974,-0.03465646505355835
33.75774812698364,31.457540555529064,32.47384165621276,23.374702214079793,22.47641141973837,-0.03399699553847313
33.812124729156494,30.97557620394884,32.38165664929403,23.394365328397868,22.208653446638245,-0.032971881330013275
33.86477971076965,30.61787185019544,32.26307955947024,23.417586951100304,22.00992880566413,-0.03152576833963394
33.91746377944946,30.40899840366454,32.18550571075684,23.443308096799367,21.893888002035855,-0.029833130538463593
33.972569942474365,30.38409807614861,32.04778863154437,23.469096459604376,21.880054486749227,-0.027912423014640808
34.02518391609192,30.49994887714,31.948641961154106,23.492112074056326,21.944416042855554,-0.026480386033654213
34.07838702201843,30.66773696012253,31.802435161061357,23.511000298561775,22.037631644512516,-0.025037622079253197
34.13047766685486,30.837248945131098,31.690661909791135,23.525438522936973,22.131804969517276,-0.023930748924613
34.18617010116577,30.98379062363378,31.511055162560318,23.535833182517347,22.213217013129878,-0.023026729002594948
34.240132331848145,31.12155862886372,31.368855309269144,23.542450107510184,22.289754793813177,-0.022599201649427414
34.29324388504028,31.326292724396012,31.189477940330217,23.54361788714246,22.403495957997784,-0.022524889558553696
34.34490752220154,31.563382021245456,31.0811272032846,23.539291161851832,22.535212234025252,-0.022891927510499954
34.39955711364746,31.727294035427644,30.91099202666072,23.52965500336631,22.626274464126467,-0.023901864886283875
34.45422911643982,31.756328179964434,30.79884649924384,23.516821594250676,22.642404544424686,-0.025609567761421204
34.506638288497925,31.64552059249644,30.644501431127072,23.503094340793098,22.580844773609133,-0.027714848518371582
34.55953764915466,31.395697951130483,30.52789038568067,23.490514040177047,22.442054417294713,-0.029456809163093567
34.61333346366882,31.103517013761344,30.354060102590164,23.480084220728322,22.279731674311858,-0.030598720535635948
34.6666419506073,30.806216818895486,30.211674853475987,23.47164862107236,22.11456489938638,-0.031193608418107033
34.72112584114075,30.604194478570292,30.017340820422433,23.4643219297239,22.002330265872384,-0.031150247901678085
34.77270865440369,30.49044396777163,29.881708530734198,23.456914999557263,21.939135537650905,-0.030727308243513107
34.82611703872681,30.40709063215068,29.692053102492757,23.448325246076614,21.8928281289726,-0.02996908128261566
34.88107776641846,30.25051178804783,29.519665516187377,23.438507041803653,21.805839882248794,-0.029166974127292633
34.933554887771606,30.05634433118309,29.333970097966006,23.42825396785297,21.697969072879495,-0.027968019247055054
34.98658514022827,29.79321908030238,29.214424854557226,23.4191181550719,21.551788377945766,-0.026529891416430473
35.04027843475342,29.46455710387705,29.032537931474568,23.411986800106458,21.369198391042804,-0.024420715868473053
35.09444451332092,29.072537875979283,28.908430632386324,23.408011085537783,21.1514099310996,-0.022123541682958603
35.14940786361694,28.661020435717646,28.729152921502013,23.407821945378966,20.922789130954246,-0.019659990444779396
35.20209097862244,28.239252892128174,28.60956992731613,23.411809812445668,20.6884738289601,-0.017302682623267174
35.25459885597229,27.852705775161695,28.415514669627736,23.419528145732002,20.473725430645388,-0.015103951096534729
35.309380531311035,27.527843217157805,28.27374305139413,23.430288879135333,20.29324623175434,-0.013337820768356323
35.36364412307739,27.272725580044813,28.068625714323357,23.44265008702318,20.151514211136007,-0.012035135179758072
35.41621208190918,27.123312984683285,27.95208543215315,23.455267555072393,20.068507213712934,-0.011087223887443542
35.469367265701294,27.046360918836868,27.752173124929634,23.467310799938552,20.02575606602048,-0.01016368716955185
35.52378702163696,27.058110397695465,27.614775465082687,23.477641559525214,20.03228355427526,-0.009631236083805561
35.577396869659424,27.18868402680469,27.423679511825682,23.483632804695038,20.104824459335937,-0.00889846496284008
35.6298131942749,27.35897713037296,27.31370847861175,23.484861251328642,20.199431739096088,-0.008380535058677197
35.68219518661499,27.576901836567433,27.1446376167988,23.48099990941575,20.32050102031524,-0.007973797619342804
35.73637676239014,27.81410641294957,27.03589177586329,23.47170320457831,20.452281340527538,-0.007863910868763924
35.790340185165405,28.089728739490727,26.851252005220275,23.456320981068508,20.605404855272624,-0.008019007742404938
35.84326386451721,28.421846131502363,26.76530038330635,23.435078347602698,20.789914517501312,-0.00822843611240387
35.89756107330322,28.715558132513706,26.584376236995748,23.40698184002797,20.953087851396504,-0.008280280977487564
35.952035665512085,29.009492597085142,26.48420464648217,23.37199655041038,21.116384776158412,-0.008104812353849411
36.005366563797,29.270015493252693,26.300221489056273,23.3312490570116,21.26111971847372,-0.007715888321399689
36.05971550941467,29.490995858422465,26.20500220723906,23.285187652997397,21.38388658801248,-0.0075598289258778095
36.11294937133789,29.614550326341245,26.02752585591006,23.234991981488456,21.45252795907847,-0.007252653129398823
36.16800594329834,29.629345506902915,25.9318020366386,23.18092665437516,21.460747503834952,-0.007313563488423824
36.22046995162964,29.621116247441055,25.779257003831678,23.12705934667122,21.456175693022807,-0.007787894457578659
36.274014949798584,29.599912726399538,25.69053991735685,23.071845419731414,21.444395959110853,-0.00885092094540596
36.32689142227173,29.527227828936827,25.52256743846267,23.014511068255416,21.40401546052046,-0.010139282792806625
36.381009340286255,29.388219847126933,25.43731933406274,22.95495936870006,21.326788803959406,-0.011359099298715591
36.43441891670227,29.226793545136044,25.341124436556232,22.898343299708483,21.23710752507558,-0.012558210641145706
36.48749661445618,29.002646209841572,25.31222096267922,22.84380836174509,21.112581227689763,-0.013820745050907135
36.54181361198425,28.76012711604213,25.175974237215165,22.790331925886015,20.977848397801182,-0.014977119863033295
36.59696650505066,28.54555229640239,25.105502645302806,22.737985163362477,20.858640164667996,-0.01647544652223587
36.64962363243103,28.433072988779045,24.975294798630074,22.687737583641056,20.796151660432802,-0.017753349617123604
36.70501971244812,28.36107510799386,24.924845566343592,22.637567980638917,20.756152837774366,-0.019201237708330154
36.75807023048401,28.32430995423839,24.792281261460726,22.585725562641603,20.735727752354663,-0.020258920267224312
36.81530785560608,28.304944566080174,24.72528364373743,22.531799954083148,20.724969203377874,-0.02074219472706318
36.86914086341858,28.365278350973,24.62018246417527,22.477380241636478,20.75848797276278,-0.020330123603343964
36.92320895195007,28.496249342879498,24.61415566710292,22.421196121480005,20.83124963493305,-0.019316330552101135
36.97735142707825,28.67756092015806,24.52536897534348,22.36136323900108,20.9319782889767,-0.01761610060930252
37.03207087516785,28.88133181154607,24.50157900612484,22.296520301116146,21.045184339747816,-0.01565726473927498
37.08641171455383,29.136348212191166,24.438361101364638,22.228427627719828,21.18686011788398,-0.013743378221988678
37.13305473327637,29.358415418491617,24.416139496324195,22.16606570162766,21.310230788050898,-0.012258032336831093
37.188252449035645,29.522810896717388,24.407540980290737,22.090148429646625,21.401561609287437,-0.0109559902921319
37.242687702178955,29.64319771290204,24.336165093058167,22.01142554774482,21.468443173834466,-0.0102402213960886
37.297183990478516,29.67581259998894,24.34662075790425,21.93201787908064,21.486562555549412,-0.010295526124536991
37.35038757324219,29.64003120103151,24.287246569906387,21.85332127283831,21.46668400057306,-0.010931223630905151
37.40552234649658,29.50666484858232,24.301652900672444,21.7748862349469,21.392591582545734,-0.012322323396801949
37.46007227897644,29.30249357741492,24.236130351577508,21.69804635125563,21.279163098563846,-0.014136675745248795
37.513132095336914,29.060641744462394,24.29909007503644,21.62832004884182,21.144800969145773,-0.01585528254508972
37.566550493240356,28.753567820743964,24.251928366515134,21.56110064900179,20.974204344857757,-0.016763348132371902
37.62309908866882,28.383920103686346,24.274245219680886,21.495716316471636,20.76884450204797,-0.016891609877347946
37.677186727523804,28.02951452776913,24.23983243942582,21.43764199650149,20.571952515427295,-0.015609354712069035
37.73109269142151,27.680935404184467,24.31460430601492,21.385705089954982,20.378297446769146,-0.013536248356103897
37.78525996208191,27.35768591667698,24.301999331377548,21.338852521757246,20.19871439815388,-0.01062818244099617
37.84029197692871,27.044570248622414,24.3571375457981,21.295881901055846,20.024761249234672,-0.007032399997115135
37.89718174934387,26.76713155715959,24.31840247370211,21.256094755469025,19.87062864286644,-0.002821005880832672
37.95103430747986,26.599299537856194,24.431414578238225,21.22210090140392,19.77738863214233,0.0012172237038612366
38.004186153411865,26.5155502938147,24.480404404633006,21.19075602336474,19.7308612743415,0.005335472524166107
38.05907583236694,26.49506406136691,24.602832475845133,21.161364672177044,19.719480034092726,0.009073220193386078
38.108402252197266,26.488746975710175,24.618276938394057,21.135355925202237,19.715970542061207,0.01212027296423912
38.15642023086548,26.520631335894198,24.624029317559234,21.10999673413057,19.733684075496775,0.014425240457057953
38.21101093292236,26.64992916778669,24.662767542916,21.080659305931903,19.80551620432594,0.016283657401800156
38.26516056060791,26.83614667215858,24.81499423289391,21.05103727634705,19.908970373421432,0.017444070428609848
38.320382833480835,27.013915435350388,24.82725152698515,21.019094430945724,20.007730797416883,0.017915979027748108
38.368308782577515,27.219068480209042,24.900827357684904,20.989864702595323,20.121704711227245,0.017650585621595383
38.41627550125122,27.475503253841364,24.998265845775336,20.959562057212526,20.26416847435631,0.01685480773448944
38.46220541000366,27.7242646748167,25.083816484275314,20.927641413025377,20.402369263787055,0.015571586787700653
38.51108121871948,27.948037163863457,25.15920355856443,20.89198262777047,20.526687313257476,0.013653647154569626
38.559293031692505,28.164454824426382,25.219805525403718,20.85483007131772,20.646919346903545,0.011175442487001419
38.606486082077026,28.345440779863953,25.31412805528627,20.8164818895675,20.747467099924418,0.008508436381816864
38.66119027137756,28.5040033041484,25.495387352466334,20.772602449021413,20.835557391193554,0.0056795962154865265
38.71677923202515,28.548503336347714,25.539744147498464,20.727062976665085,20.860279631304287,0.0030272547155618668
38.77368116378784,28.50908073771542,25.682203363991547,20.68254973994729,20.838378187619675,0.0008811384905129671
38.82812190055847,28.41624533040715,25.771999004678314,20.642893824811633,20.786802961337305,-0.0006193239241838455
38.88404631614685,28.22293597156327,25.936598191330646,20.60663323794008,20.679408873090708,-0.0018316693603992462
38.9411187171936,27.926635132597227,25.97000948675098,20.57502395653928,20.514797295887348,-0.00272566732019186
38.99696111679077,27.58222646606105,26.131977525615213,20.550436039702426,20.323459147811697,-0.003616146743297577
39.0501925945282,27.248321239416487,26.282355675085057,20.534721027289166,20.137956244120268,-0.004359738901257515
39.10659742355347,26.858890115529185,26.479755050834417,20.526625256623444,19.921605619738436,-0.005438731983304024
39.15625882148743,26.50638345397348,26.557636228766214,20.526075978846187,19.72576858554082,-0.006590832024812698
39.212392807006836,26.163718028370408,26.66356998244582,20.532557506401663,19.535398904650226,-0.008037341758608818
39.26629614830017,25.908140547536654,26.883983553385402,20.54563378873065,19.39341141529814,-0.009643090888857841
39.3195481300354,25.69856665098079,27.004540488944404,20.5646068400449,19.276981472767105,-0.011084849014878273
39.37870407104492,25.493881968431456,27.162711683076566,20.590170568399103,19.163267760239698,-0.012754525057971478
39.434603214263916,25.374912778918322,27.25929090165556,20.620130693325162,19.097173766065733,-0.014473849907517433
39.48950123786926,25.35366620349418,27.462945344802293,20.65214267608342,19.08537011305232,-0.016251303255558014
39.54632377624512,25.382671521777187,27.581688414332742,20.687458463134664,19.101484178765105,-0.01753944531083107
39.60319995880127,25.481581231963677,27.786658873570573,20.72431112967123,19.156434017757597,-0.017989614978432655
39.66032934188843,25.654584821336233,27.917995686963074,20.76168214616802,19.25254712296457,-0.017342621460556984
39.7145254611969,25.958055331213085,28.16608801071099,20.796537226368173,19.421141850673934,-0.01581796072423458
39.77148914337158,26.302231240771224,28.28397656805338,20.830232302056675,19.612350689317346,-0.013212679885327816
39.829426288604736,26.67899929209202,28.446176229454398,20.86158695462646,19.821666273384455,-0.009839203208684921
39.88463115692139,27.185658547867295,28.59383647937185,20.886612226815643,20.10314363770405,-0.006438714452087879
39.938151836395264,27.78715862634823,28.832844537589626,20.905575839137015,20.437310347971238,-0.002739078365266323
39.99433183670044,28.4012253792984,28.957947699374376,20.91831872059298,20.778458544054665,0.0010442249476909637
40.05047416687012,29.026435281835457,29.13854005876037,20.92409839885677,21.125797378797476,0.004268147982656956
40.10727596282959,29.633722699330832,29.240626526981924,20.922414091672618,21.463179277406017,0.006757156923413277
40.16200637817383,30.23156462968583,29.44817591590693,20.91406754560382,21.795313683158795,0.008339613676071167
40.21139883995056,30.59476537934645,29.572664748139236,20.90243367238009,21.997091877414693,0.009117728099226952
40.26045775413513,30.841805334296073,29.72157328057179,20.888716695060246,22.13433629683115,0.009199580177664757
40.30855917930603,30.923087671249892,29.851021382101347,20.875195706572686,22.179493150694384,0.008500475436449051
40.36290645599365,30.857643793247018,30.021389890122975,20.862635395347926,22.143135440692788,0.0068207066506147385
40.41805410385132,30.61935612110306,30.255346187748664,20.85592027660572,22.01075340061281,0.004258873872458935
40.474440574645996,30.244242020035177,30.38257442557252,20.856782403093682,21.80235667779732,0.0016412572003901005
40.52970623970032,29.782097910100266,30.573466498990157,20.866507349468893,21.545609950055702,-0.0006758109666407108
40.58417630195618,29.27074847819803,30.694752197935443,20.88578776210868,21.261526932332238,-0.0025719860568642616
40.639731645584106,28.719972291854,30.865165035203873,20.915674354112102,20.955540162141112,-0.00398589763790369
40.69746160507202,28.16327148185821,30.950193583831908,20.956428538103435,20.646261934365672,-0.004647877998650074
40.75451731681824,27.614938063209756,31.110109763454865,21.00849505936464,20.341632257338752,-0.004593221936374903
40.80941987037659,27.17721783257382,31.258168947525885,21.067835235863853,20.0984543514299,-0.00377747043967247
40.865334033966064,26.81501538180825,31.451376606282437,21.136752538785604,19.89723076767125,-0.0026063211262226105
40.92362904548645,26.555740015718175,31.547850382098332,21.215052465607766,19.753188897621207,-0.001307143596932292
40.978469133377075,26.474386439466176,31.740895523552876,21.294617152354203,19.707992466370097,9.943230543285608e-05
41.03352952003479,26.54085683159208,31.88127276022519,21.376268878209494,19.744920461995598,0.0016388240037485957
41.09047317504883,26.740254845649932,32.04334632475115,21.4596592192778,19.855697136472184,0.0029890304431319237
41.14714169502258,27.13405031653358,32.12742357809041,21.54073310772365,20.07447239807421,0.004151550587266684
41.20336937904358,27.725980754747976,32.27118055665071,21.614673262534513,20.403322641526653,0.004668092355132103
41.258492946624756,28.48763355998389,32.37337389531099,21.678662003614228,20.82646308887994,0.004663416184484959
41.31414842605591,29.391437423954343,32.51541096245203,21.731877796890128,21.328576346641302,0.0038319039158523083
41.37306237220764,30.431660831850486,32.56862441388512,21.773211961170468,21.906478239916936,0.002223394578322768
41.42912459373474,31.503262536744817,32.697414379521724,21.797852717476484,22.501812520413786,-0.00027834903448820114
41.48531436920166,32.55813521925092,32.799094548346154,21.807617258345743,23.087852899583844,-0.003835288342088461
41.542009353637695,33.48297492716128,32.94382997817093,21.804029942284583,23.60165273731182,-0.008117569610476494
41.60014820098877,34.2095335412834,32.9915102773099,21.788617053336147,24.00529641182411,-0.013694126158952713
41.65837359428406,34.601669574255375,33.1359019047478,21.76703151527966,24.22314976347521,-0.020359447225928307
41.71252369880676,34.638899906772544,33.21722245782431,21.7453908540573,24.2438332815403,-0.02813667804002762
41.77045226097107,34.375647386946326,33.3317821791612,21.727146602247657,24.09758188163685,-0.03587373346090317
41.8250527381897,33.90088731858606,33.378664370967044,21.716529071523848,23.833826288103364,-0.0423135906457901
41.8811149597168,33.265115109333124,33.471434311288746,21.71593632945216,23.480619505185068,-0.047654710710048676
41.93749475479126,32.52248567317595,33.50912268322745,21.72704738905332,23.06804759620886,-0.05191224068403244
41.99439096450806,31.702254666865688,33.57088995086553,21.751679299957164,22.61236370381427,-0.05530010908842087
42.05867028236389,30.774969858010063,33.610591199422174,21.79546527500705,22.097205476672258,-0.05787912756204605
42.122061014175415,29.897536693579962,33.66230962977451,21.85493170532991,21.609742607544423,-0.05920672044157982
42.185123443603516,29.114250786641655,33.72492609945017,21.927838640588618,21.174583770356474,-0.059405066072940826
42.24539756774902,28.43646190586369,33.766014932139434,22.012238853585053,20.798034392146494,-0.05874889716506004
42.30943012237549,27.88162698407302,33.82622547340609,22.113473277037574,20.489792768929455,-0.05728387087583542
42.36620903015137,27.56087607196618,33.81545208738884,22.20992150199758,20.311597817758987,-0.055284854024648666
42.42956185340881,27.45026245085262,33.831526656610336,22.321492990741415,20.25014580602923,-0.052370063960552216
42.494060039520264,27.593608929312406,33.83661557378092,22.434915663430836,20.329782738506893,-0.04887550696730614
42.553067445755005,27.955703766488472,33.85570981598962,22.531804841306528,20.53094653693804,-0.0453198105096817
42.61650514602661,28.624275629958817,33.85936678873561,22.629117594350703,20.90237534997712,-0.04101639613509178
42.673033475875854,29.403364871352416,33.839500258309826,22.702919335258134,21.335202706306898,-0.03703349828720093
42.72912883758545,30.346640164737007,33.85597072888328,22.763963701561504,21.859244535965004,-0.03300471603870392
42.787553548812866,31.4119525530274,33.78704466441799,22.80999835502569,22.45108475168189,-0.02888450399041176
42.843451261520386,32.49275870416554,33.79377464086968,22.836432079228143,23.051532613425298,-0.02522200532257557
42.89920687675476,33.505493730335395,33.748538455187074,22.84667166494143,23.614163183519665,-0.021849503740668297
42.95517349243164,34.31583676238236,33.73630826453749,22.842642204458482,24.06435375687909,-0.01885843276977539
43.01304626464844,34.886044429820835,33.651249549444685,22.827126512064325,24.381135794344907,-0.016187870875000954
43.068432092666626,35.12955231933526,33.61612620263966,22.80540862124382,24.516417955186256,-0.013807308860123158
43.12563872337341,35.058427612253325,33.534951626807306,22.78226607097747,24.476904229029625,-0.011548803187906742
43.18206000328064,34.732368015017016,33.50185925631964,22.761892894653098,24.295760008342786,-0.00922915805131197
43.23783802986145,34.21594519906942,33.398970710295984,22.74720870947475,24.008858443927455,-0.007168994285166264
43.30129623413086,33.48111040731684,33.31420446426294,22.740467971790622,23.6006168929538,-0.005658313632011414
43.364134311676025,32.669965724272224,33.23891107242192,22.745933916957924,23.149980957929014,-0.005047803744673729
43.42820358276367,31.80149044305262,33.13630973003142,22.764899741355045,22.66749469058479,-0.005368315614759922
43.49283695220947,30.942273907747026,33.03475786928827,22.796964067381946,22.19015217097057,-0.006528082303702831
43.55525612831116,30.160340412929393,32.93265295779649,22.840381600917635,21.755744673849662,-0.008405160158872604
43.61805868148804,29.461763624995317,32.82442237897557,22.894587645602243,21.367646458330732,-0.010709436610341072
43.68234133720398,28.874612539309858,32.69071797090736,22.958835986473005,21.0414514107277,-0.013349482789635658
43.74728584289551,28.45612773689268,32.5385407395121,23.030877775609575,20.808959853829265,-0.0161421000957489
43.80859851837158,28.314416010390516,32.419260885505125,23.101428783658793,20.73023111688362,-0.018721118569374084
43.8713264465332,28.407241166275096,32.288238078486586,23.170744020691522,20.78180064793061,-0.02131539210677147
43.934502363204956,28.75280216749438,32.14349114866026,23.234065465654428,20.973778981941322,-0.0238333810120821
43.991607904434204,29.257451629035135,32.03277815185554,23.28137111068898,21.254139793908408,-0.025893431156873703
44.05334162712097,30.072429056537807,31.894503607855558,23.319339661329774,21.706905031409892,-0.027831535786390305
44.108428716659546,30.985256080855113,31.749554059739314,23.33722726027125,22.214031156030618,-0.029418617486953735
44.18752408027649,32.30275320860465,31.61441437451742,23.3359024321087,22.94597400478036,-0.03141774982213974
44.298871994018555,33.92829948809221,31.228048439483768,23.28896291915211,23.84905527116234,-0.033905111253261566
44.36333417892456,35.332372559004,30.92364249652437,23.199381530529546,24.62909586611333,-0.03630104288458824
44.42934513092041,36.20408870757014,30.66720740515801,23.107320075649785,25.113382615316745,-0.03819326311349869
44.49131155014038,36.72370274095251,30.514401798448407,23.00432330356898,25.40205707830695,-0.04023817181587219
44.54711604118347,36.81369424599045,30.360923287893623,22.90652367856642,25.45205235888358,-0.0423288494348526
44.60508418083191,36.548977203112216,30.267206527516482,22.80465965526174,25.304987335062343,-0.044572096318006516
44.66431975364685,35.97078697292037,30.098475973837385,22.705919918284714,24.98377054051132,-0.04654071480035782
44.729074001312256,35.07417181511327,29.998328170690318,22.60942353495692,24.48565100839626,-0.048051510006189346
44.79134821891785,34.015361495503846,29.897109020781933,22.532197234869944,23.897423053057693,-0.04866190627217293
44.85459494590759,32.837045142189794,29.740560756936567,22.471481792787024,23.24280285677211,-0.04853985086083412
44.91114377975464,31.713182772066542,29.591480738494358,22.43214055800986,22.6184348733703,-0.04783790931105614
44.97558808326721,30.525697816493164,29.354349281312672,22.403843777434,21.95872100916287,-0.046449173241853714
45.03872632980347,29.42715879236494,29.12049013257301,22.391453629261918,21.348421551313855,-0.04448055103421211
45.09979581832886,28.443549446407822,28.91483809183683,22.393071328451544,20.80197191467101,-0.04194742068648338
45.166175365448,27.56054740415348,28.686019348206685,22.407306442801037,20.31141522452971,-0.038788408041000366
45.22607469558716,26.905814566174858,28.416196623008407,22.42971838830077,19.947674758986032,-0.035400763154029846
45.29020929336548,26.39043664003579,28.252072318452885,22.460480611845213,19.661353688908772,-0.031494032591581345
45.35523176193237,26.10007782336367,28.071205578965152,22.495085341798976,19.50004323520204,-0.027312681078910828
45.41923117637634,26.07019839392099,27.88238154464682,22.52951083752692,19.48344355217833,-0.0228262972086668
45.484310150146484,26.335764737889875,27.703272868562014,22.557682612229673,19.630980409938818,-0.01823277771472931
45.54724192619324,26.86275001290471,27.520227619704528,22.574959252290444,19.923750007169282,-0.013654625043272972
45.609530210494995,27.636976288956426,27.369954261085446,22.577379820233386,20.353875716086904,-0.009229269810020924
45.67459535598755,28.563039059852496,27.159052276104372,22.560821071189217,20.868355033251387,-0.004605290479958057
45.73766040802002,29.63121218999672,26.96282019043439,22.52368678497392,21.46178454999818,-0.00010359310545027256
45.79353380203247,30.76404366339677,26.839893806772803,22.470082064136065,22.09113536855376,0.003436848521232605
45.84917163848877,31.80956759616263,26.650880932249557,22.398017008530147,22.671981997868127,0.00616843719035387
45.9129958152771,32.81354064163296,26.48422075958982,22.294388095388157,23.229744800907202,0.007969172671437263
45.96984124183655,33.429642789731126,26.40419212006589,22.18809432528058,23.572023772072846,0.008060715161263943
46.025371074676514,33.697864289451175,26.25533354175824,22.075878108772297,23.721035716361765,0.0066567216999828815
46.08733606338501,33.58065621327826,26.130140964549998,21.94763093532968,23.655920118487924,0.003406334202736616
46.14436602592468,33.188858699014204,26.03536665393086,21.83425710980077,23.43825483278567,-0.0009886753978207707
46.20932078361511,32.51318482026686,25.842614640159283,21.71010278354105,23.06288045570381,-0.0074285343289375305
46.27164125442505,31.68613374726663,25.70828183176136,21.601871781798785,22.60340763737035,-0.014631363563239574
46.331621408462524,30.760624821104972,25.596799579408753,21.509649496180245,22.089236011724985,-0.022231044247746468
46.39561176300049,29.71017019755727,25.448481769360054,21.427100699562367,21.50565010975404,-0.03027324005961418
46.46106696128845,28.609117351051562,25.304771882723482,21.359020884199776,20.893954083917535,-0.03822389245033264
46.522549867630005,27.629456752575347,25.208646456548166,21.3108749389447,20.34969819587519,-0.04507569596171379
46.584081172943115,26.700364985439933,25.113259286134934,21.276503775809605,19.833536103022183,-0.0510578416287899
46.64690089225769,25.86346537332664,25.01476812027332,21.255159246468907,19.368591874070354,-0.05577324703335762
46.710214376449585,25.137778449029124,24.918999842698764,21.245568218258217,18.965432471682846,-0.05903894826769829
46.77789855003357,24.513152997740175,24.801950066887166,21.24649043446261,18.618418332077873,-0.06094648689031601
46.84548807144165,23.963109458649132,24.75310545428618,21.256922452073407,18.312838588138405,-0.06123637408018112
46.908629417419434,23.60390135926488,24.661804205582996,21.272584184281225,18.113278532924934,-0.060198716819286346
46.978527307510376,23.413214144099644,24.51211636980747,21.293193594235948,18.007341191166468,-0.05781809985637665
47.0396990776062,23.397099921852103,24.469548382501856,21.31183795913764,17.99838884547339,-0.054827138781547546
47.10171556472778,23.505070481199663,24.416542089074365,21.32904099311135,18.058372489555367,-0.05110355466604233
47.16628074645996,23.729492805962092,24.322444189137002,21.34259331060551,18.18305155886783,-0.0467085987329483
47.228575468063354,24.195069557289493,24.31343795127308,21.34857884656234,18.441705309605275,-0.04203890636563301
47.29114103317261,24.780332549496265,24.303827201957063,21.345314949540363,18.766851416386814,-0.037079326808452606
47.35279560089111,25.484443453529188,24.29830081203853,21.330641554791786,19.158024140849548,-0.03190614655613899
47.41836380958557,26.23773747943681,24.244350349746288,21.301505150183207,19.576520821909337,-0.026198742911219597
47.48270845413208,27.108194395847214,24.220069708832522,21.257317136592974,20.060107997692896,-0.02029305137693882
47.54511833190918,28.066552231628208,24.257216144854315,21.199025693251812,20.592529017571227,-0.014387249015271664
47.60486149787903,28.993758640655788,24.306289162394922,21.12646117594631,21.107643689253216,-0.00831361673772335
47.6681764125824,29.749643040643118,24.300652926763384,21.037535909219176,21.527579467023955,-0.002407926134765148
47.73163628578186,30.196344136020514,24.287730493396882,20.93741851621724,21.77574674223362,0.0025670232716947794
47.792288064956665,30.387390685627878,24.315134067629888,20.8364504304519,21.88188371423771,0.006107352674007416
47.85443472862244,30.27224035646501,24.337174407446888,20.734309403998687,21.817911309147227,0.008198029361665249
47.91683840751648,29.904661570247207,24.363587340618672,20.637020641376647,21.61370087235956,0.008716940879821777
47.98149633407593,29.286947836776395,24.364318718781977,20.544715615584714,21.270526575986885,0.007709744852036238
48.0427987575531,28.579413768600173,24.47250810381622,20.469789686590676,20.87745209366676,0.0053900424391031265
48.104082107543945,27.772954331889274,24.567031692240533,20.408958179336807,20.429419073271816,0.00198702747002244
48.16930150985718,26.90406454903605,24.636174067146666,20.362516676045715,19.946702527242252,-0.00237746792845428
48.23216390609741,26.055456957310813,24.721753127203282,20.333100992424697,19.475253865172675,-0.007092820946127176
48.29318642616272,25.274631732863938,24.83867597348231,20.31982323650018,19.0414620738133,-0.011899773962795734
48.354631185531616,24.517860809017915,24.91956805429112,20.321025681393824,18.62103378278773,-0.016767922788858414
48.41576886177063,23.80552079948119,24.995876432811187,20.336058701487833,18.225289333045104,-0.02145281806588173
48.47951102256775,23.134168930445515,25.058701134528988,20.36435166580736,17.85231607246973,-0.025878343731164932
48.538071632385254,22.557824806790155,25.18273822768584,20.403171288615848,17.532124892661194,-0.02972392737865448
48.59912967681885,22.01964256975967,25.288294004304994,20.453788692360796,17.233134760977595,-0.03312688693404198
48.662511348724365,21.52777083470837,25.390716553211796,20.517028308480878,16.959872685949094,-0.03591955825686455
48.72544622421265,21.112952364097733,25.495860340001915,20.59012079539959,16.729417980054293,-0.03811715170741081
48.792887687683105,20.81348525446098,25.722848850825493,20.677177385360956,16.563047363589433,-0.039688970893621445
48.854604959487915,20.63839819502835,25.840291797146477,20.765358683063248,16.46577677501575,-0.04054342582821846
48.917664527893066,20.6431728948738,25.99876611832958,20.855617661071115,16.468429386041002,-0.040863998234272
48.981507778167725,20.755254848292157,26.107010454761994,20.95070242701206,16.530697137940088,-0.040772393345832825
49.0426025390625,21.169360700910563,26.31357942759215,21.03983491920744,16.76075594495031,-0.04031457006931305
49.10411095619202,21.707257416872768,26.489304281169264,21.12373210527551,17.059587453818203,-0.03956691175699234
49.16410231590271,22.236627743868603,26.536555723480454,21.197743144295316,17.353682079927,-0.03863589093089104
