cycle_index,desired_time_gap_s,actual_time_gap_s
0,2.0,40.81671966315231
1,2.0,20.673527780387754
2,2.0,16.263379076229644
3,2.0,15.758556040493824
4,2.0,19.76699605507883
5,2.0,27.413005691512296
6,2.0,43.6523309756949
7,2.0,90.26073519326175
8,2.0,195.24203271004498
9,2.0,106.85825305014401
10,2.0,88.00087009497736
11,2.0,86.25476726388769
12,2.0,94.67893850578083
13,2.0,114.14577355989837
14,2.0,151.233454474103
15,2.0,53.34364197728789
16,2.0,27.518018395489644
17,2.0,18.89647728636974
18,2.0,14.743349592236061
19,2.0,12.599592064954715
20,2.0,10.674155012992088
21,2.0,9.455921255727747
22,2.0,8.41199958217345
23,2.0,7.601679258373741
24,2.0,6.966058938380262
25,2.0,6.456844232397447
26,2.0,6.033336819637053
27,2.0,5.672409313846937
28,2.0,5.359340671467571
29,2.0,5.084242559235802
30,2.0,4.840230714433151
31,2.0,4.712704173680886
32,2.0,4.756220205781963
33,2.0,4.788247634694994
34,2.0,4.8416869392957915
35,2.0,4.8700383745098685
36,2.0,4.905013583918441
37,2.0,4.89735012533744
38,2.0,4.882256774897787
39,2.0,4.815282691258888
40,2.0,4.7313503709733284
41,2.0,4.6006776903631765
42,2.0,4.464499063119673
43,2.0,4.250025234986185
44,2.0,4.027353480989988
45,2.0,3.8881865207417867
46,2.0,3.7754127495349463
47,2.0,3.694009117210085
48,2.0,3.6005006830054587
49,2.0,3.5023564085202668
50,2.0,3.4026683592076057
51,2.0,3.3025024978297677
52,2.0,3.200641580407606
53,2.0,3.102451915647747
54,2.0,3.0108495961260697
55,2.0,2.9236757769378894
56,2.0,2.8429257732658573
57,2.0,2.7675084680785487
58,2.0,2.6957752503073396
59,2.0,2.6268234628299183
60,2.0,2.5603135735413898
61,2.0,2.4962372184272574
62,2.0,2.4339742742520682
63,2.0,2.373112210431786
64,2.0,2.3138999847117017
65,2.0,2.256746444280165
66,2.0,2.2038742204767243
67,2.0,2.16583030203305
68,2.0,2.1475892176572646
69,2.0,2.1442265516277574
70,2.0,2.15076366883736
71,2.0,2.1643388594904054
72,2.0,2.183673649401878
73,2.0,2.207088780187583
74,2.0,2.233440990421898
75,2.0,2.2621847098862413
76,2.0,2.2931209673454083
77,2.0,2.325625192001993
78,2.0,2.359003171805922
79,2.0,2.393160713227813
80,2.0,2.4277493848644314
81,2.0,2.4620036432835293
82,2.0,2.4943921954817405
83,2.0,2.5279268576464977
84,2.0,2.560209890122058
85,2.0,2.5912459785728665
86,2.0,2.620744175111195
87,2.0,2.6494847869965934
88,2.0,2.677182586734159
89,2.0,2.7033447655670777
90,2.0,2.727922738681411
91,2.0,2.7518640342896385
92,2.0,2.7749535654159647
93,2.0,2.797014169677869
94,2.0,2.8179346847140136
95,2.0,2.8384442665691996
96,2.0,2.858852535793057
97,2.0,2.8793661050088506
98,2.0,2.8994096546489643
99,2.0,2.9192378035499966
100,2.0,2.9398349312851986
101,2.0,2.9607353769934956
102,2.0,2.9813851602798107
103,2.0,3.001353786636346
104,2.0,3.020952879507925
105,2.0,3.040141080613127
106,2.0,3.0593391853107557
107,2.0,3.0774407732792137
108,2.0,3.0943963786142903
109,2.0,3.110096888418079
110,2.0,3.124742734045555
111,2.0,3.1382042257140603
112,2.0,3.1500846397881888
113,2.0,3.1602763334590596
114,2.0,3.1687867960658016
115,2.0,3.1755350339498465
116,2.0,3.180573839797452
117,2.0,3.18389201212986
118,2.0,3.185590664240975
119,2.0,3.1857376908301296
120,2.0,3.1845153878055386
121,2.0,3.1820433609357424
122,2.0,3.178446028598909
123,2.0,3.173871732602989
124,2.0,3.1686510138730792
125,2.0,3.1631207844731755
126,2.0,3.157748486637056
127,2.0,3.1528758613535732
128,2.0,3.1488224434703507
129,2.0,3.1457448085480277
130,2.0,3.143813898292509
131,2.0,3.143093944533361
132,2.0,3.143592303547805
133,2.0,3.145230132794611
134,2.0,3.1479150978449466
135,2.0,3.151536209626546
136,2.0,3.155912105354591
137,2.0,3.160815724702544
138,2.0,3.165980155379855
139,2.0,3.1711391889981715
140,2.0,3.1760417481981205
141,2.0,3.180454713407049
142,2.0,3.1842149286968127
143,2.0,3.1871763584650403
144,2.0,3.189255661069232
145,2.0,3.190432301436314
146,2.0,3.1907244087940647
147,2.0,3.1900858800069503
148,2.0,3.188526813626636
149,2.0,3.186131217555457
150,2.0,3.182923583931113
151,2.0,3.178923908819076
152,2.0,3.1742632875936905
153,2.0,3.1690915758003313
154,2.0,3.1635250641996797
155,2.0,3.1577321349388208
156,2.0,3.1519868667280027
157,2.0,3.1464642218717374
158,2.0,3.1413678030318763
159,2.0,3.1369227275647016
160,2.0,3.1333912484512947
161,2.0,3.1308844765573087
162,2.0,3.1295066050050213
163,2.0,3.1293134142036667
164,2.0,3.1302364870819557
165,2.0,3.1320691653941815
166,2.0,3.1346709338596095
167,2.0,3.1379244084546056
168,2.0,3.141675373345196
169,2.0,3.1459038845197997
170,2.0,3.1506155489561736
171,2.0,3.155558946117558
172,2.0,3.1604501482339202
173,2.0,3.1650373056837657
174,2.0,3.169023014731731
175,2.0,3.172137590395189
176,2.0,3.1742759023668827
177,2.0,3.1753134450846128
178,2.0,3.1751793650961804
179,2.0,3.173915986599671
180,2.0,3.1716624456496287
181,2.0,3.168452551799141
182,2.0,3.1644697891607443
183,2.0,3.15989340853357
184,2.0,3.154893902623171
185,2.0,3.1496116206822644
186,2.0,3.1443062864982165
187,2.0,3.1391891111303987
188,2.0,3.134417067607299
189,2.0,3.1301841259844885
190,2.0,3.1267148208978033
191,2.0,3.1241295888753844
192,2.0,3.1225211895765455
193,2.0,3.1219539153294282
194,2.0,3.122503261657553
195,2.0,3.1240430914177653
196,2.0,3.1264657376317126
197,2.0,3.12960867754712
198,2.0,3.1333221984060033
199,2.0,3.1373999428294668
200,2.0,3.1417362093568326
201,2.0,3.1461460419849785
202,2.0,3.1502212171249027
203,2.0,3.1541645277120223
204,2.0,3.157908842117377
205,2.0,3.160919023750414
206,2.0,3.1630755542509843
207,2.0,3.1644954500967777
208,2.0,3.1651403498196524
209,2.0,3.1644785807906843
210,2.0,3.1629617812879354
211,2.0,3.1602439068018255
212,2.0,3.156439700473256
213,2.0,3.15176686233324
214,2.0,3.146165673921132
215,2.0,3.1398496295858296
216,2.0,3.132481482519897
217,2.0,3.1246153878949774
218,2.0,3.116177694313054
219,2.0,3.1073875219449287
220,2.0,3.098827213450411
221,2.0,3.0904626046583905
222,2.0,3.0829177782969395
223,2.0,3.0761263710287143
224,2.0,3.0708112431560073
225,2.0,3.0663920366837747
226,2.0,3.062997475447699
227,2.0,3.060876225515999
228,2.0,3.0595871775610264
229,2.0,3.058959660304327
230,2.0,3.0590508698576357
231,2.0,3.0596588439973362
232,2.0,3.060565236029227
233,2.0,3.061321087974842
234,2.0,3.0617718036361667
235,2.0,3.061663096328901
236,2.0,3.0604249770961585
237,2.0,3.0583967929823297
238,2.0,3.055194340754029
239,2.0,3.050955498879988
240,2.0,3.0457238679624496
241,2.0,3.0395566262223905
242,2.0,3.0326219615059875
243,2.0,3.0249545569300107
244,2.0,3.0168288137385644
245,2.0,3.008415645120421
246,2.0,2.9995809022479683
247,2.0,2.990832812852681
248,2.0,2.982171968219117
249,2.0,2.9736883306091544
250,2.0,2.965790015691642
251,2.0,2.9583349236826604
252,2.0,2.951635445060594
253,2.0,2.945840030696373
254,2.0,2.940947828053298
255,2.0,2.9371720851601113
256,2.0,2.9344740506677955
257,2.0,2.9326399631487936
258,2.0,2.9315854641046863
259,2.0,2.931403497597609
260,2.0,2.931965951631084
261,2.0,2.9330479135114045
262,2.0,2.934659903315659
263,2.0,2.9364770201765147
264,2.0,2.938252078646701
265,2.0,2.9396901370940656
266,2.0,2.940606309169269
267,2.0,2.940815808405883
268,2.0,2.940241191414391
269,2.0,2.9388296462745
270,2.0,2.936624306959228
271,2.0,2.9336333699809853
272,2.0,2.929977412794978
273,2.0,2.9256981440401684
274,2.0,2.920954466439122
275,2.0,2.9158137467406084
276,2.0,2.9104366287835224
277,2.0,2.904915503992631
278,2.0,2.8994755170740314
279,2.0,2.894265913017451
280,2.0,2.889475497244432
281,2.0,2.8852676368755223
282,2.0,2.881815468481467
283,2.0,2.8792262241894013
284,2.0,2.8776074394840925
285,2.0,2.876960422340076
286,2.0,2.877274327258282
287,2.0,2.878438484823693
288,2.0,2.880400895627686
289,2.0,2.8830086664012353
290,2.0,2.886142479718222
291,2.0,2.8896780869471743
292,2.0,2.89350333915047
293,2.0,2.8974927851487653
294,2.0,2.9015444525326317
295,2.0,2.905461161628631
296,2.0,2.9091186392666986
297,2.0,2.912404215978156
298,2.0,2.91524066464698
299,2.0,2.9174807633113216
300,2.0,2.9190751700207116
301,2.0,2.9199156802524207
302,2.0,2.919978572783443
303,2.0,2.919237662853674
304,2.0,2.9176423638059994
305,2.0,2.9152271197496016
306,2.0,2.912120274277467
307,2.0,2.908412162944086
308,2.0,2.9041696959305234
309,2.0,2.8994876976455592
310,2.0,2.8945967863567446
311,2.0,2.8897135543743473
312,2.0,2.8851755308557387
313,2.0,2.8812344946761477
314,2.0,2.878116327365495
315,2.0,2.87594465023217
316,2.0,2.8748921182153997
317,2.0,2.875040582786841
318,2.0,2.8763724097955494
319,2.0,2.8787482841458334
320,2.0,2.881969732951066
321,2.0,2.885808637322346
322,2.0,2.89007438480225
323,2.0,2.8944985836857953
324,2.0,2.8989658077672655
325,2.0,2.9033849608324065
326,2.0,2.9077769156200155
327,2.0,2.9118332385148706
328,2.0,2.915611650329972
329,2.0,2.9187960420542542
330,2.0,2.9214958998740355
331,2.0,2.9233678203637496
332,2.0,2.9244911487996808
333,2.0,2.924570010847687
334,2.0,2.9238788627610908
335,2.0,2.922237457336408
336,2.0,2.9199627296242245
337,2.0,2.9169049278328965
338,2.0,2.913995516904234
339,2.0,2.9101665893074324
340,2.0,2.906265210293965
341,2.0,2.9019017315167486
342,2.0,2.897911211899619
343,2.0,2.893813854490336
344,2.0,2.890572543631046
345,2.0,2.887782710462878
346,2.0,2.8861992610215688
347,2.0,2.885387026944023
348,2.0,2.8859156487667685
349,2.0,2.8872446749105927
350,2.0,2.8897376022559764
351,2.0,2.89337080591842
352,2.0,2.897408883770689
353,2.0,2.901260223669831
354,2.0,2.905788805532835
355,2.0,2.9100887391950985
356,2.0,2.9149269965334415
357,2.0,2.919259230185406
358,2.0,2.9236645470141798
359,2.0,2.9271700793970985
360,2.0,2.9302132923805724
361,2.0,2.9319921013125136
362,2.0,2.933086256987269
363,2.0,2.932905900069019
364,2.0,2.932649651259505
365,2.0,2.930798516499332
366,2.0,2.9283367349298537
367,2.0,2.924667194380895
368,2.0,2.9208211415998395
369,2.0,2.9161539742636235
370,2.0,2.911572499864311
371,2.0,2.9065204416454775
372,2.0,2.901983799781844
373,2.0,2.897557525585564
374,2.0,2.89410740542166
375,2.0,2.8911886613564626
376,2.0,2.8895903825273055
377,2.0,2.889188157926383
378,2.0,2.889923654747609
379,2.0,2.8912037534249078
380,2.0,2.8935884012399735
381,2.0,2.8961937997475893
382,2.0,2.8996775532174266
383,2.0,2.903227498995343
384,2.0,2.907402305706677
385,2.0,2.91146615596621
386,2.0,2.9158691290502285
387,2.0,2.9199379002468144
388,2.0,2.924077617408062
389,2.0,2.9275470013879334
390,2.0,2.931025772855049
391,2.0,2.9333557941597093
392,2.0,2.935176378626986
393,2.0,2.935767161012584
394,2.0,2.9357874803123147
395,2.0,2.9345632653881744
396,2.0,2.9327683207529627
397,2.0,2.9297714693576355
398,2.0,2.92622553326888
399,2.0,2.9216969652948817
400,2.0,2.9168580332622533
401,2.0,2.911459387808678
402,2.0,2.906300061501902
403,2.0,2.9016218139724916
404,2.0,2.8976542054637626
405,2.0,2.894143891662595
406,2.0,2.8919656036473933
407,2.0,2.890581616520505
408,2.0,2.890698257467829
409,2.0,2.8916532964082253
410,2.0,2.894039308373351
411,2.0,2.8971231208137276
412,2.0,2.9012136304665277
413,2.0,2.9055479644378814
414,2.0,2.9103720883553423
415,2.0,2.914946273114477
416,2.0,2.91995391805074
417,2.0,2.9240528899827094
418,2.0,2.9278769605420463
419,2.0,2.9307345623042407
420,2.0,2.933294125281013
421,2.0,2.9347923423500153
422,2.0,2.935841088210976
423,2.0,2.935756606250099
424,2.0,2.9350868216274186
425,2.0,2.933188581717748
426,2.0,2.93063289725562
427,2.0,2.927005915272173
428,2.0,2.923023061080329
429,2.0,2.9186852330321402
